"","date","series_id","value","realtime_start","realtime_end","level","title","observation_start","observation_end","units_short","seasonal_adjustment_short","last_updated","frequency","corr_units_short","corr_value"
"1",1996-01-01,"00XEFDEZ19M086NEST",NA,2022-06-07,2022-06-07,NA,"Harmonized Index of Consumer Prices: Overall Index Excluding Energy, Food, Alcohol, and Tobacco for Euro area (19 countries)","2000-12-01","2022-04-01","Index 2015=100","NSA","2022-05-18","Monthly","%",NA
"2",1996-02-01,"00XEFDEZ19M086NEST",NA,2022-06-07,2022-06-07,NA,"Harmonized Index of Consumer Prices: Overall Index Excluding Energy, Food, Alcohol, and Tobacco for Euro area (19 countries)","2000-12-01","2022-04-01","Index 2015=100","NSA","2022-05-18","Monthly","%",NA
"3",1996-03-01,"00XEFDEZ19M086NEST",NA,2022-06-07,2022-06-07,NA,"Harmonized Index of Consumer Prices: Overall Index Excluding Energy, Food, Alcohol, and Tobacco for Euro area (19 countries)","2000-12-01","2022-04-01","Index 2015=100","NSA","2022-05-18","Monthly","%",NA
"4",1996-04-01,"00XEFDEZ19M086NEST",NA,2022-06-07,2022-06-07,NA,"Harmonized Index of Consumer Prices: Overall Index Excluding Energy, Food, Alcohol, and Tobacco for Euro area (19 countries)","2000-12-01","2022-04-01","Index 2015=100","NSA","2022-05-18","Monthly","%",NA
"5",1996-05-01,"00XEFDEZ19M086NEST",NA,2022-06-07,2022-06-07,NA,"Harmonized Index of Consumer Prices: Overall Index Excluding Energy, Food, Alcohol, and Tobacco for Euro area (19 countries)","2000-12-01","2022-04-01","Index 2015=100","NSA","2022-05-18","Monthly","%",NA
"6",1996-06-01,"00XEFDEZ19M086NEST",NA,2022-06-07,2022-06-07,NA,"Harmonized Index of Consumer Prices: Overall Index Excluding Energy, Food, Alcohol, and Tobacco for Euro area (19 countries)","2000-12-01","2022-04-01","Index 2015=100","NSA","2022-05-18","Monthly","%",NA
"7",1996-07-01,"00XEFDEZ19M086NEST",NA,2022-06-07,2022-06-07,NA,"Harmonized Index of Consumer Prices: Overall Index Excluding Energy, Food, Alcohol, and Tobacco for Euro area (19 countries)","2000-12-01","2022-04-01","Index 2015=100","NSA","2022-05-18","Monthly","%",NA
"8",1996-08-01,"00XEFDEZ19M086NEST",NA,2022-06-07,2022-06-07,NA,"Harmonized Index of Consumer Prices: Overall Index Excluding Energy, Food, Alcohol, and Tobacco for Euro area (19 countries)","2000-12-01","2022-04-01","Index 2015=100","NSA","2022-05-18","Monthly","%",NA
"9",1996-09-01,"00XEFDEZ19M086NEST",NA,2022-06-07,2022-06-07,NA,"Harmonized Index of Consumer Prices: Overall Index Excluding Energy, Food, Alcohol, and Tobacco for Euro area (19 countries)","2000-12-01","2022-04-01","Index 2015=100","NSA","2022-05-18","Monthly","%",NA
"10",1996-10-01,"00XEFDEZ19M086NEST",NA,2022-06-07,2022-06-07,NA,"Harmonized Index of Consumer Prices: Overall Index Excluding Energy, Food, Alcohol, and Tobacco for Euro area (19 countries)","2000-12-01","2022-04-01","Index 2015=100","NSA","2022-05-18","Monthly","%",NA
"11",1996-11-01,"00XEFDEZ19M086NEST",NA,2022-06-07,2022-06-07,NA,"Harmonized Index of Consumer Prices: Overall Index Excluding Energy, Food, Alcohol, and Tobacco for Euro area (19 countries)","2000-12-01","2022-04-01","Index 2015=100","NSA","2022-05-18","Monthly","%",NA
"12",1996-12-01,"00XEFDEZ19M086NEST",NA,2022-06-07,2022-06-07,NA,"Harmonized Index of Consumer Prices: Overall Index Excluding Energy, Food, Alcohol, and Tobacco for Euro area (19 countries)","2000-12-01","2022-04-01","Index 2015=100","NSA","2022-05-18","Monthly","%",NA
"13",1997-01-01,"00XEFDEZ19M086NEST",NA,2022-06-07,2022-06-07,NA,"Harmonized Index of Consumer Prices: Overall Index Excluding Energy, Food, Alcohol, and Tobacco for Euro area (19 countries)","2000-12-01","2022-04-01","Index 2015=100","NSA","2022-05-18","Monthly","%",NA
"14",1997-02-01,"00XEFDEZ19M086NEST",NA,2022-06-07,2022-06-07,NA,"Harmonized Index of Consumer Prices: Overall Index Excluding Energy, Food, Alcohol, and Tobacco for Euro area (19 countries)","2000-12-01","2022-04-01","Index 2015=100","NSA","2022-05-18","Monthly","%",NA
"15",1997-03-01,"00XEFDEZ19M086NEST",NA,2022-06-07,2022-06-07,NA,"Harmonized Index of Consumer Prices: Overall Index Excluding Energy, Food, Alcohol, and Tobacco for Euro area (19 countries)","2000-12-01","2022-04-01","Index 2015=100","NSA","2022-05-18","Monthly","%",NA
"16",1997-04-01,"00XEFDEZ19M086NEST",NA,2022-06-07,2022-06-07,NA,"Harmonized Index of Consumer Prices: Overall Index Excluding Energy, Food, Alcohol, and Tobacco for Euro area (19 countries)","2000-12-01","2022-04-01","Index 2015=100","NSA","2022-05-18","Monthly","%",NA
"17",1997-05-01,"00XEFDEZ19M086NEST",NA,2022-06-07,2022-06-07,NA,"Harmonized Index of Consumer Prices: Overall Index Excluding Energy, Food, Alcohol, and Tobacco for Euro area (19 countries)","2000-12-01","2022-04-01","Index 2015=100","NSA","2022-05-18","Monthly","%",NA
"18",1997-06-01,"00XEFDEZ19M086NEST",NA,2022-06-07,2022-06-07,NA,"Harmonized Index of Consumer Prices: Overall Index Excluding Energy, Food, Alcohol, and Tobacco for Euro area (19 countries)","2000-12-01","2022-04-01","Index 2015=100","NSA","2022-05-18","Monthly","%",NA
"19",1997-07-01,"00XEFDEZ19M086NEST",NA,2022-06-07,2022-06-07,NA,"Harmonized Index of Consumer Prices: Overall Index Excluding Energy, Food, Alcohol, and Tobacco for Euro area (19 countries)","2000-12-01","2022-04-01","Index 2015=100","NSA","2022-05-18","Monthly","%",NA
"20",1997-08-01,"00XEFDEZ19M086NEST",NA,2022-06-07,2022-06-07,NA,"Harmonized Index of Consumer Prices: Overall Index Excluding Energy, Food, Alcohol, and Tobacco for Euro area (19 countries)","2000-12-01","2022-04-01","Index 2015=100","NSA","2022-05-18","Monthly","%",NA
"21",1997-09-01,"00XEFDEZ19M086NEST",NA,2022-06-07,2022-06-07,NA,"Harmonized Index of Consumer Prices: Overall Index Excluding Energy, Food, Alcohol, and Tobacco for Euro area (19 countries)","2000-12-01","2022-04-01","Index 2015=100","NSA","2022-05-18","Monthly","%",NA
"22",1997-10-01,"00XEFDEZ19M086NEST",NA,2022-06-07,2022-06-07,NA,"Harmonized Index of Consumer Prices: Overall Index Excluding Energy, Food, Alcohol, and Tobacco for Euro area (19 countries)","2000-12-01","2022-04-01","Index 2015=100","NSA","2022-05-18","Monthly","%",NA
"23",1997-11-01,"00XEFDEZ19M086NEST",NA,2022-06-07,2022-06-07,NA,"Harmonized Index of Consumer Prices: Overall Index Excluding Energy, Food, Alcohol, and Tobacco for Euro area (19 countries)","2000-12-01","2022-04-01","Index 2015=100","NSA","2022-05-18","Monthly","%",NA
"24",1997-12-01,"00XEFDEZ19M086NEST",NA,2022-06-07,2022-06-07,NA,"Harmonized Index of Consumer Prices: Overall Index Excluding Energy, Food, Alcohol, and Tobacco for Euro area (19 countries)","2000-12-01","2022-04-01","Index 2015=100","NSA","2022-05-18","Monthly","%",NA
"25",1998-01-01,"00XEFDEZ19M086NEST",NA,2022-06-07,2022-06-07,NA,"Harmonized Index of Consumer Prices: Overall Index Excluding Energy, Food, Alcohol, and Tobacco for Euro area (19 countries)","2000-12-01","2022-04-01","Index 2015=100","NSA","2022-05-18","Monthly","%",NA
"26",1998-02-01,"00XEFDEZ19M086NEST",NA,2022-06-07,2022-06-07,NA,"Harmonized Index of Consumer Prices: Overall Index Excluding Energy, Food, Alcohol, and Tobacco for Euro area (19 countries)","2000-12-01","2022-04-01","Index 2015=100","NSA","2022-05-18","Monthly","%",NA
"27",1998-03-01,"00XEFDEZ19M086NEST",NA,2022-06-07,2022-06-07,NA,"Harmonized Index of Consumer Prices: Overall Index Excluding Energy, Food, Alcohol, and Tobacco for Euro area (19 countries)","2000-12-01","2022-04-01","Index 2015=100","NSA","2022-05-18","Monthly","%",NA
"28",1998-04-01,"00XEFDEZ19M086NEST",NA,2022-06-07,2022-06-07,NA,"Harmonized Index of Consumer Prices: Overall Index Excluding Energy, Food, Alcohol, and Tobacco for Euro area (19 countries)","2000-12-01","2022-04-01","Index 2015=100","NSA","2022-05-18","Monthly","%",NA
"29",1998-05-01,"00XEFDEZ19M086NEST",NA,2022-06-07,2022-06-07,NA,"Harmonized Index of Consumer Prices: Overall Index Excluding Energy, Food, Alcohol, and Tobacco for Euro area (19 countries)","2000-12-01","2022-04-01","Index 2015=100","NSA","2022-05-18","Monthly","%",NA
"30",1998-06-01,"00XEFDEZ19M086NEST",NA,2022-06-07,2022-06-07,NA,"Harmonized Index of Consumer Prices: Overall Index Excluding Energy, Food, Alcohol, and Tobacco for Euro area (19 countries)","2000-12-01","2022-04-01","Index 2015=100","NSA","2022-05-18","Monthly","%",NA
"31",1998-07-01,"00XEFDEZ19M086NEST",NA,2022-06-07,2022-06-07,NA,"Harmonized Index of Consumer Prices: Overall Index Excluding Energy, Food, Alcohol, and Tobacco for Euro area (19 countries)","2000-12-01","2022-04-01","Index 2015=100","NSA","2022-05-18","Monthly","%",NA
"32",1998-08-01,"00XEFDEZ19M086NEST",NA,2022-06-07,2022-06-07,NA,"Harmonized Index of Consumer Prices: Overall Index Excluding Energy, Food, Alcohol, and Tobacco for Euro area (19 countries)","2000-12-01","2022-04-01","Index 2015=100","NSA","2022-05-18","Monthly","%",NA
"33",1998-09-01,"00XEFDEZ19M086NEST",NA,2022-06-07,2022-06-07,NA,"Harmonized Index of Consumer Prices: Overall Index Excluding Energy, Food, Alcohol, and Tobacco for Euro area (19 countries)","2000-12-01","2022-04-01","Index 2015=100","NSA","2022-05-18","Monthly","%",NA
"34",1998-10-01,"00XEFDEZ19M086NEST",NA,2022-06-07,2022-06-07,NA,"Harmonized Index of Consumer Prices: Overall Index Excluding Energy, Food, Alcohol, and Tobacco for Euro area (19 countries)","2000-12-01","2022-04-01","Index 2015=100","NSA","2022-05-18","Monthly","%",NA
"35",1998-11-01,"00XEFDEZ19M086NEST",NA,2022-06-07,2022-06-07,NA,"Harmonized Index of Consumer Prices: Overall Index Excluding Energy, Food, Alcohol, and Tobacco for Euro area (19 countries)","2000-12-01","2022-04-01","Index 2015=100","NSA","2022-05-18","Monthly","%",NA
"36",1998-12-01,"00XEFDEZ19M086NEST",NA,2022-06-07,2022-06-07,NA,"Harmonized Index of Consumer Prices: Overall Index Excluding Energy, Food, Alcohol, and Tobacco for Euro area (19 countries)","2000-12-01","2022-04-01","Index 2015=100","NSA","2022-05-18","Monthly","%",NA
"37",1999-01-01,"00XEFDEZ19M086NEST",NA,2022-06-07,2022-06-07,NA,"Harmonized Index of Consumer Prices: Overall Index Excluding Energy, Food, Alcohol, and Tobacco for Euro area (19 countries)","2000-12-01","2022-04-01","Index 2015=100","NSA","2022-05-18","Monthly","%",NA
"38",1999-02-01,"00XEFDEZ19M086NEST",NA,2022-06-07,2022-06-07,NA,"Harmonized Index of Consumer Prices: Overall Index Excluding Energy, Food, Alcohol, and Tobacco for Euro area (19 countries)","2000-12-01","2022-04-01","Index 2015=100","NSA","2022-05-18","Monthly","%",NA
"39",1999-03-01,"00XEFDEZ19M086NEST",NA,2022-06-07,2022-06-07,NA,"Harmonized Index of Consumer Prices: Overall Index Excluding Energy, Food, Alcohol, and Tobacco for Euro area (19 countries)","2000-12-01","2022-04-01","Index 2015=100","NSA","2022-05-18","Monthly","%",NA
"40",1999-04-01,"00XEFDEZ19M086NEST",NA,2022-06-07,2022-06-07,NA,"Harmonized Index of Consumer Prices: Overall Index Excluding Energy, Food, Alcohol, and Tobacco for Euro area (19 countries)","2000-12-01","2022-04-01","Index 2015=100","NSA","2022-05-18","Monthly","%",NA
"41",1999-05-01,"00XEFDEZ19M086NEST",NA,2022-06-07,2022-06-07,NA,"Harmonized Index of Consumer Prices: Overall Index Excluding Energy, Food, Alcohol, and Tobacco for Euro area (19 countries)","2000-12-01","2022-04-01","Index 2015=100","NSA","2022-05-18","Monthly","%",NA
"42",1999-06-01,"00XEFDEZ19M086NEST",NA,2022-06-07,2022-06-07,NA,"Harmonized Index of Consumer Prices: Overall Index Excluding Energy, Food, Alcohol, and Tobacco for Euro area (19 countries)","2000-12-01","2022-04-01","Index 2015=100","NSA","2022-05-18","Monthly","%",NA
"43",1999-07-01,"00XEFDEZ19M086NEST",NA,2022-06-07,2022-06-07,NA,"Harmonized Index of Consumer Prices: Overall Index Excluding Energy, Food, Alcohol, and Tobacco for Euro area (19 countries)","2000-12-01","2022-04-01","Index 2015=100","NSA","2022-05-18","Monthly","%",NA
"44",1999-08-01,"00XEFDEZ19M086NEST",NA,2022-06-07,2022-06-07,NA,"Harmonized Index of Consumer Prices: Overall Index Excluding Energy, Food, Alcohol, and Tobacco for Euro area (19 countries)","2000-12-01","2022-04-01","Index 2015=100","NSA","2022-05-18","Monthly","%",NA
"45",1999-09-01,"00XEFDEZ19M086NEST",NA,2022-06-07,2022-06-07,NA,"Harmonized Index of Consumer Prices: Overall Index Excluding Energy, Food, Alcohol, and Tobacco for Euro area (19 countries)","2000-12-01","2022-04-01","Index 2015=100","NSA","2022-05-18","Monthly","%",NA
"46",1999-10-01,"00XEFDEZ19M086NEST",NA,2022-06-07,2022-06-07,NA,"Harmonized Index of Consumer Prices: Overall Index Excluding Energy, Food, Alcohol, and Tobacco for Euro area (19 countries)","2000-12-01","2022-04-01","Index 2015=100","NSA","2022-05-18","Monthly","%",NA
"47",1999-11-01,"00XEFDEZ19M086NEST",NA,2022-06-07,2022-06-07,NA,"Harmonized Index of Consumer Prices: Overall Index Excluding Energy, Food, Alcohol, and Tobacco for Euro area (19 countries)","2000-12-01","2022-04-01","Index 2015=100","NSA","2022-05-18","Monthly","%",NA
"48",1999-12-01,"00XEFDEZ19M086NEST",NA,2022-06-07,2022-06-07,NA,"Harmonized Index of Consumer Prices: Overall Index Excluding Energy, Food, Alcohol, and Tobacco for Euro area (19 countries)","2000-12-01","2022-04-01","Index 2015=100","NSA","2022-05-18","Monthly","%",NA
"49",2000-01-01,"00XEFDEZ19M086NEST",NA,2022-06-07,2022-06-07,NA,"Harmonized Index of Consumer Prices: Overall Index Excluding Energy, Food, Alcohol, and Tobacco for Euro area (19 countries)","2000-12-01","2022-04-01","Index 2015=100","NSA","2022-05-18","Monthly","%",NA
"50",2000-02-01,"00XEFDEZ19M086NEST",NA,2022-06-07,2022-06-07,NA,"Harmonized Index of Consumer Prices: Overall Index Excluding Energy, Food, Alcohol, and Tobacco for Euro area (19 countries)","2000-12-01","2022-04-01","Index 2015=100","NSA","2022-05-18","Monthly","%",NA
"51",2000-03-01,"00XEFDEZ19M086NEST",NA,2022-06-07,2022-06-07,NA,"Harmonized Index of Consumer Prices: Overall Index Excluding Energy, Food, Alcohol, and Tobacco for Euro area (19 countries)","2000-12-01","2022-04-01","Index 2015=100","NSA","2022-05-18","Monthly","%",NA
"52",2000-04-01,"00XEFDEZ19M086NEST",NA,2022-06-07,2022-06-07,NA,"Harmonized Index of Consumer Prices: Overall Index Excluding Energy, Food, Alcohol, and Tobacco for Euro area (19 countries)","2000-12-01","2022-04-01","Index 2015=100","NSA","2022-05-18","Monthly","%",NA
"53",2000-05-01,"00XEFDEZ19M086NEST",NA,2022-06-07,2022-06-07,NA,"Harmonized Index of Consumer Prices: Overall Index Excluding Energy, Food, Alcohol, and Tobacco for Euro area (19 countries)","2000-12-01","2022-04-01","Index 2015=100","NSA","2022-05-18","Monthly","%",NA
"54",2000-06-01,"00XEFDEZ19M086NEST",NA,2022-06-07,2022-06-07,NA,"Harmonized Index of Consumer Prices: Overall Index Excluding Energy, Food, Alcohol, and Tobacco for Euro area (19 countries)","2000-12-01","2022-04-01","Index 2015=100","NSA","2022-05-18","Monthly","%",NA
"55",2000-07-01,"00XEFDEZ19M086NEST",NA,2022-06-07,2022-06-07,NA,"Harmonized Index of Consumer Prices: Overall Index Excluding Energy, Food, Alcohol, and Tobacco for Euro area (19 countries)","2000-12-01","2022-04-01","Index 2015=100","NSA","2022-05-18","Monthly","%",NA
"56",2000-08-01,"00XEFDEZ19M086NEST",NA,2022-06-07,2022-06-07,NA,"Harmonized Index of Consumer Prices: Overall Index Excluding Energy, Food, Alcohol, and Tobacco for Euro area (19 countries)","2000-12-01","2022-04-01","Index 2015=100","NSA","2022-05-18","Monthly","%",NA
"57",2000-09-01,"00XEFDEZ19M086NEST",NA,2022-06-07,2022-06-07,NA,"Harmonized Index of Consumer Prices: Overall Index Excluding Energy, Food, Alcohol, and Tobacco for Euro area (19 countries)","2000-12-01","2022-04-01","Index 2015=100","NSA","2022-05-18","Monthly","%",NA
"58",2000-10-01,"00XEFDEZ19M086NEST",NA,2022-06-07,2022-06-07,NA,"Harmonized Index of Consumer Prices: Overall Index Excluding Energy, Food, Alcohol, and Tobacco for Euro area (19 countries)","2000-12-01","2022-04-01","Index 2015=100","NSA","2022-05-18","Monthly","%",NA
"59",2000-11-01,"00XEFDEZ19M086NEST",NA,2022-06-07,2022-06-07,NA,"Harmonized Index of Consumer Prices: Overall Index Excluding Energy, Food, Alcohol, and Tobacco for Euro area (19 countries)","2000-12-01","2022-04-01","Index 2015=100","NSA","2022-05-18","Monthly","%",NA
"60",2000-12-01,"00XEFDEZ19M086NEST",80.64,2022-06-07,2022-06-07,80.64,"Harmonized Index of Consumer Prices: Overall Index Excluding Energy, Food, Alcohol, and Tobacco for Euro area (19 countries)","2000-12-01","2022-04-01","Index 2015=100","NSA","2022-05-18","Monthly","%",NA
"61",2001-01-01,"00XEFDEZ19M086NEST",80.18,2022-06-07,2022-06-07,80.18,"Harmonized Index of Consumer Prices: Overall Index Excluding Energy, Food, Alcohol, and Tobacco for Euro area (19 countries)","2000-12-01","2022-04-01","Index 2015=100","NSA","2022-05-18","Monthly","%",NA
"62",2001-02-01,"00XEFDEZ19M086NEST",80.29,2022-06-07,2022-06-07,80.29,"Harmonized Index of Consumer Prices: Overall Index Excluding Energy, Food, Alcohol, and Tobacco for Euro area (19 countries)","2000-12-01","2022-04-01","Index 2015=100","NSA","2022-05-18","Monthly","%",NA
"63",2001-03-01,"00XEFDEZ19M086NEST",80.73,2022-06-07,2022-06-07,80.73,"Harmonized Index of Consumer Prices: Overall Index Excluding Energy, Food, Alcohol, and Tobacco for Euro area (19 countries)","2000-12-01","2022-04-01","Index 2015=100","NSA","2022-05-18","Monthly","%",NA
"64",2001-04-01,"00XEFDEZ19M086NEST",81.12,2022-06-07,2022-06-07,81.12,"Harmonized Index of Consumer Prices: Overall Index Excluding Energy, Food, Alcohol, and Tobacco for Euro area (19 countries)","2000-12-01","2022-04-01","Index 2015=100","NSA","2022-05-18","Monthly","%",NA
"65",2001-05-01,"00XEFDEZ19M086NEST",81.21,2022-06-07,2022-06-07,81.21,"Harmonized Index of Consumer Prices: Overall Index Excluding Energy, Food, Alcohol, and Tobacco for Euro area (19 countries)","2000-12-01","2022-04-01","Index 2015=100","NSA","2022-05-18","Monthly","%",NA
"66",2001-06-01,"00XEFDEZ19M086NEST",81.36,2022-06-07,2022-06-07,81.36,"Harmonized Index of Consumer Prices: Overall Index Excluding Energy, Food, Alcohol, and Tobacco for Euro area (19 countries)","2000-12-01","2022-04-01","Index 2015=100","NSA","2022-05-18","Monthly","%",NA
"67",2001-07-01,"00XEFDEZ19M086NEST",81.33,2022-06-07,2022-06-07,81.33,"Harmonized Index of Consumer Prices: Overall Index Excluding Energy, Food, Alcohol, and Tobacco for Euro area (19 countries)","2000-12-01","2022-04-01","Index 2015=100","NSA","2022-05-18","Monthly","%",NA
"68",2001-08-01,"00XEFDEZ19M086NEST",81.41,2022-06-07,2022-06-07,81.41,"Harmonized Index of Consumer Prices: Overall Index Excluding Energy, Food, Alcohol, and Tobacco for Euro area (19 countries)","2000-12-01","2022-04-01","Index 2015=100","NSA","2022-05-18","Monthly","%",NA
"69",2001-09-01,"00XEFDEZ19M086NEST",81.62,2022-06-07,2022-06-07,81.62,"Harmonized Index of Consumer Prices: Overall Index Excluding Energy, Food, Alcohol, and Tobacco for Euro area (19 countries)","2000-12-01","2022-04-01","Index 2015=100","NSA","2022-05-18","Monthly","%",NA
"70",2001-10-01,"00XEFDEZ19M086NEST",81.88,2022-06-07,2022-06-07,81.88,"Harmonized Index of Consumer Prices: Overall Index Excluding Energy, Food, Alcohol, and Tobacco for Euro area (19 countries)","2000-12-01","2022-04-01","Index 2015=100","NSA","2022-05-18","Monthly","%",NA
"71",2001-11-01,"00XEFDEZ19M086NEST",81.97,2022-06-07,2022-06-07,81.97,"Harmonized Index of Consumer Prices: Overall Index Excluding Energy, Food, Alcohol, and Tobacco for Euro area (19 countries)","2000-12-01","2022-04-01","Index 2015=100","NSA","2022-05-18","Monthly","%",NA
"72",2001-12-01,"00XEFDEZ19M086NEST",82.48,2022-06-07,2022-06-07,82.48,"Harmonized Index of Consumer Prices: Overall Index Excluding Energy, Food, Alcohol, and Tobacco for Euro area (19 countries)","2000-12-01","2022-04-01","Index 2015=100","NSA","2022-05-18","Monthly","%",2.28174603174605
"73",2002-01-01,"00XEFDEZ19M086NEST",82.09,2022-06-07,2022-06-07,82.09,"Harmonized Index of Consumer Prices: Overall Index Excluding Energy, Food, Alcohol, and Tobacco for Euro area (19 countries)","2000-12-01","2022-04-01","Index 2015=100","NSA","2022-05-18","Monthly","%",2.38214018458467
"74",2002-02-01,"00XEFDEZ19M086NEST",82.3,2022-06-07,2022-06-07,82.3,"Harmonized Index of Consumer Prices: Overall Index Excluding Energy, Food, Alcohol, and Tobacco for Euro area (19 countries)","2000-12-01","2022-04-01","Index 2015=100","NSA","2022-05-18","Monthly","%",2.50342508407024
"75",2002-03-01,"00XEFDEZ19M086NEST",82.79,2022-06-07,2022-06-07,82.79,"Harmonized Index of Consumer Prices: Overall Index Excluding Energy, Food, Alcohol, and Tobacco for Euro area (19 countries)","2000-12-01","2022-04-01","Index 2015=100","NSA","2022-05-18","Monthly","%",2.55171559519385
"76",2002-04-01,"00XEFDEZ19M086NEST",83.05,2022-06-07,2022-06-07,83.05,"Harmonized Index of Consumer Prices: Overall Index Excluding Energy, Food, Alcohol, and Tobacco for Euro area (19 countries)","2000-12-01","2022-04-01","Index 2015=100","NSA","2022-05-18","Monthly","%",2.379191321499
"77",2002-05-01,"00XEFDEZ19M086NEST",83.28,2022-06-07,2022-06-07,83.28,"Harmonized Index of Consumer Prices: Overall Index Excluding Energy, Food, Alcohol, and Tobacco for Euro area (19 countries)","2000-12-01","2022-04-01","Index 2015=100","NSA","2022-05-18","Monthly","%",2.54894717399337
"78",2002-06-01,"00XEFDEZ19M086NEST",83.37,2022-06-07,2022-06-07,83.37,"Harmonized Index of Consumer Prices: Overall Index Excluding Energy, Food, Alcohol, and Tobacco for Euro area (19 countries)","2000-12-01","2022-04-01","Index 2015=100","NSA","2022-05-18","Monthly","%",2.47050147492627
"79",2002-07-01,"00XEFDEZ19M086NEST",83.3,2022-06-07,2022-06-07,83.3,"Harmonized Index of Consumer Prices: Overall Index Excluding Energy, Food, Alcohol, and Tobacco for Euro area (19 countries)","2000-12-01","2022-04-01","Index 2015=100","NSA","2022-05-18","Monthly","%",2.42223041927947
"80",2002-08-01,"00XEFDEZ19M086NEST",83.38,2022-06-07,2022-06-07,83.38,"Harmonized Index of Consumer Prices: Overall Index Excluding Energy, Food, Alcohol, and Tobacco for Euro area (19 countries)","2000-12-01","2022-04-01","Index 2015=100","NSA","2022-05-18","Monthly","%",2.41985014126029
"81",2002-09-01,"00XEFDEZ19M086NEST",83.57,2022-06-07,2022-06-07,83.57,"Harmonized Index of Consumer Prices: Overall Index Excluding Energy, Food, Alcohol, and Tobacco for Euro area (19 countries)","2000-12-01","2022-04-01","Index 2015=100","NSA","2022-05-18","Monthly","%",2.3891203136486
"82",2002-10-01,"00XEFDEZ19M086NEST",83.77,2022-06-07,2022-06-07,83.77,"Harmonized Index of Consumer Prices: Overall Index Excluding Energy, Food, Alcohol, and Tobacco for Euro area (19 countries)","2000-12-01","2022-04-01","Index 2015=100","NSA","2022-05-18","Monthly","%",2.30825598436737
"83",2002-11-01,"00XEFDEZ19M086NEST",83.85,2022-06-07,2022-06-07,83.85,"Harmonized Index of Consumer Prices: Overall Index Excluding Energy, Food, Alcohol, and Tobacco for Euro area (19 countries)","2000-12-01","2022-04-01","Index 2015=100","NSA","2022-05-18","Monthly","%",2.2935220202513
"84",2002-12-01,"00XEFDEZ19M086NEST",84.29,2022-06-07,2022-06-07,84.29,"Harmonized Index of Consumer Prices: Overall Index Excluding Energy, Food, Alcohol, and Tobacco for Euro area (19 countries)","2000-12-01","2022-04-01","Index 2015=100","NSA","2022-05-18","Monthly","%",2.19447138700291
"85",2003-01-01,"00XEFDEZ19M086NEST",83.64,2022-06-07,2022-06-07,83.64,"Harmonized Index of Consumer Prices: Overall Index Excluding Energy, Food, Alcohol, and Tobacco for Euro area (19 countries)","2000-12-01","2022-04-01","Index 2015=100","NSA","2022-05-18","Monthly","%",1.88817151906444
"86",2003-02-01,"00XEFDEZ19M086NEST",83.85,2022-06-07,2022-06-07,83.85,"Harmonized Index of Consumer Prices: Overall Index Excluding Energy, Food, Alcohol, and Tobacco for Euro area (19 countries)","2000-12-01","2022-04-01","Index 2015=100","NSA","2022-05-18","Monthly","%",1.88335358444713
"87",2003-03-01,"00XEFDEZ19M086NEST",84.34,2022-06-07,2022-06-07,84.34,"Harmonized Index of Consumer Prices: Overall Index Excluding Energy, Food, Alcohol, and Tobacco for Euro area (19 countries)","2000-12-01","2022-04-01","Index 2015=100","NSA","2022-05-18","Monthly","%",1.87220678825946
"88",2003-04-01,"00XEFDEZ19M086NEST",84.7,2022-06-07,2022-06-07,84.7,"Harmonized Index of Consumer Prices: Overall Index Excluding Energy, Food, Alcohol, and Tobacco for Euro area (19 countries)","2000-12-01","2022-04-01","Index 2015=100","NSA","2022-05-18","Monthly","%",1.98675496688743
"89",2003-05-01,"00XEFDEZ19M086NEST",84.8,2022-06-07,2022-06-07,84.8,"Harmonized Index of Consumer Prices: Overall Index Excluding Energy, Food, Alcohol, and Tobacco for Euro area (19 countries)","2000-12-01","2022-04-01","Index 2015=100","NSA","2022-05-18","Monthly","%",1.82516810758886
"90",2003-06-01,"00XEFDEZ19M086NEST",84.88,2022-06-07,2022-06-07,84.88,"Harmonized Index of Consumer Prices: Overall Index Excluding Energy, Food, Alcohol, and Tobacco for Euro area (19 countries)","2000-12-01","2022-04-01","Index 2015=100","NSA","2022-05-18","Monthly","%",1.8112030706489
"91",2003-07-01,"00XEFDEZ19M086NEST",84.68,2022-06-07,2022-06-07,84.68,"Harmonized Index of Consumer Prices: Overall Index Excluding Energy, Food, Alcohol, and Tobacco for Euro area (19 countries)","2000-12-01","2022-04-01","Index 2015=100","NSA","2022-05-18","Monthly","%",1.65666266506603
"92",2003-08-01,"00XEFDEZ19M086NEST",84.8,2022-06-07,2022-06-07,84.8,"Harmonized Index of Consumer Prices: Overall Index Excluding Energy, Food, Alcohol, and Tobacco for Euro area (19 countries)","2000-12-01","2022-04-01","Index 2015=100","NSA","2022-05-18","Monthly","%",1.70304629407532
"93",2003-09-01,"00XEFDEZ19M086NEST",85.07,2022-06-07,2022-06-07,85.07,"Harmonized Index of Consumer Prices: Overall Index Excluding Energy, Food, Alcohol, and Tobacco for Euro area (19 countries)","2000-12-01","2022-04-01","Index 2015=100","NSA","2022-05-18","Monthly","%",1.79490247696541
"94",2003-10-01,"00XEFDEZ19M086NEST",85.25,2022-06-07,2022-06-07,85.25,"Harmonized Index of Consumer Prices: Overall Index Excluding Energy, Food, Alcohol, and Tobacco for Euro area (19 countries)","2000-12-01","2022-04-01","Index 2015=100","NSA","2022-05-18","Monthly","%",1.76674227050257
"95",2003-11-01,"00XEFDEZ19M086NEST",85.27,2022-06-07,2022-06-07,85.27,"Harmonized Index of Consumer Prices: Overall Index Excluding Energy, Food, Alcohol, and Tobacco for Euro area (19 countries)","2000-12-01","2022-04-01","Index 2015=100","NSA","2022-05-18","Monthly","%",1.69350029815147
"96",2003-12-01,"00XEFDEZ19M086NEST",85.65,2022-06-07,2022-06-07,85.65,"Harmonized Index of Consumer Prices: Overall Index Excluding Energy, Food, Alcohol, and Tobacco for Euro area (19 countries)","2000-12-01","2022-04-01","Index 2015=100","NSA","2022-05-18","Monthly","%",1.61347728081622
"97",2004-01-01,"00XEFDEZ19M086NEST",85.09,2022-06-07,2022-06-07,85.09,"Harmonized Index of Consumer Prices: Overall Index Excluding Energy, Food, Alcohol, and Tobacco for Euro area (19 countries)","2000-12-01","2022-04-01","Index 2015=100","NSA","2022-05-18","Monthly","%",1.73362027737924
"98",2004-02-01,"00XEFDEZ19M086NEST",85.4,2022-06-07,2022-06-07,85.4,"Harmonized Index of Consumer Prices: Overall Index Excluding Energy, Food, Alcohol, and Tobacco for Euro area (19 countries)","2000-12-01","2022-04-01","Index 2015=100","NSA","2022-05-18","Monthly","%",1.84853905784139
"99",2004-03-01,"00XEFDEZ19M086NEST",85.84,2022-06-07,2022-06-07,85.84,"Harmonized Index of Consumer Prices: Overall Index Excluding Energy, Food, Alcohol, and Tobacco for Euro area (19 countries)","2000-12-01","2022-04-01","Index 2015=100","NSA","2022-05-18","Monthly","%",1.77851553236898
"100",2004-04-01,"00XEFDEZ19M086NEST",86.27,2022-06-07,2022-06-07,86.27,"Harmonized Index of Consumer Prices: Overall Index Excluding Energy, Food, Alcohol, and Tobacco for Euro area (19 countries)","2000-12-01","2022-04-01","Index 2015=100","NSA","2022-05-18","Monthly","%",1.85360094451004
"101",2004-05-01,"00XEFDEZ19M086NEST",86.36,2022-06-07,2022-06-07,86.36,"Harmonized Index of Consumer Prices: Overall Index Excluding Energy, Food, Alcohol, and Tobacco for Euro area (19 countries)","2000-12-01","2022-04-01","Index 2015=100","NSA","2022-05-18","Monthly","%",1.83962264150943
"102",2004-06-01,"00XEFDEZ19M086NEST",86.5,2022-06-07,2022-06-07,86.5,"Harmonized Index of Consumer Prices: Overall Index Excluding Energy, Food, Alcohol, and Tobacco for Euro area (19 countries)","2000-12-01","2022-04-01","Index 2015=100","NSA","2022-05-18","Monthly","%",1.90857681432612
"103",2004-07-01,"00XEFDEZ19M086NEST",86.26,2022-06-07,2022-06-07,86.26,"Harmonized Index of Consumer Prices: Overall Index Excluding Energy, Food, Alcohol, and Tobacco for Euro area (19 countries)","2000-12-01","2022-04-01","Index 2015=100","NSA","2022-05-18","Monthly","%",1.86584789796882
"104",2004-08-01,"00XEFDEZ19M086NEST",86.45,2022-06-07,2022-06-07,86.45,"Harmonized Index of Consumer Prices: Overall Index Excluding Energy, Food, Alcohol, and Tobacco for Euro area (19 countries)","2000-12-01","2022-04-01","Index 2015=100","NSA","2022-05-18","Monthly","%",1.94575471698113
"105",2004-09-01,"00XEFDEZ19M086NEST",86.65,2022-06-07,2022-06-07,86.65,"Harmonized Index of Consumer Prices: Overall Index Excluding Energy, Food, Alcohol, and Tobacco for Euro area (19 countries)","2000-12-01","2022-04-01","Index 2015=100","NSA","2022-05-18","Monthly","%",1.85729399318211
"106",2004-10-01,"00XEFDEZ19M086NEST",86.84,2022-06-07,2022-06-07,86.84,"Harmonized Index of Consumer Prices: Overall Index Excluding Energy, Food, Alcohol, and Tobacco for Euro area (19 countries)","2000-12-01","2022-04-01","Index 2015=100","NSA","2022-05-18","Monthly","%",1.8651026392962
"107",2004-11-01,"00XEFDEZ19M086NEST",86.88,2022-06-07,2022-06-07,86.88,"Harmonized Index of Consumer Prices: Overall Index Excluding Energy, Food, Alcohol, and Tobacco for Euro area (19 countries)","2000-12-01","2022-04-01","Index 2015=100","NSA","2022-05-18","Monthly","%",1.88812008912864
"108",2004-12-01,"00XEFDEZ19M086NEST",87.28,2022-06-07,2022-06-07,87.28,"Harmonized Index of Consumer Prices: Overall Index Excluding Energy, Food, Alcohol, and Tobacco for Euro area (19 countries)","2000-12-01","2022-04-01","Index 2015=100","NSA","2022-05-18","Monthly","%",1.90309398715702
"109",2005-01-01,"00XEFDEZ19M086NEST",86.44,2022-06-07,2022-06-07,86.44,"Harmonized Index of Consumer Prices: Overall Index Excluding Energy, Food, Alcohol, and Tobacco for Euro area (19 countries)","2000-12-01","2022-04-01","Index 2015=100","NSA","2022-05-18","Monthly","%",1.58655541191679
"110",2005-02-01,"00XEFDEZ19M086NEST",86.64,2022-06-07,2022-06-07,86.64,"Harmonized Index of Consumer Prices: Overall Index Excluding Energy, Food, Alcohol, and Tobacco for Euro area (19 countries)","2000-12-01","2022-04-01","Index 2015=100","NSA","2022-05-18","Monthly","%",1.45199063231849
"111",2005-03-01,"00XEFDEZ19M086NEST",87.2,2022-06-07,2022-06-07,87.2,"Harmonized Index of Consumer Prices: Overall Index Excluding Energy, Food, Alcohol, and Tobacco for Euro area (19 countries)","2000-12-01","2022-04-01","Index 2015=100","NSA","2022-05-18","Monthly","%",1.58434296365331
"112",2005-04-01,"00XEFDEZ19M086NEST",87.47,2022-06-07,2022-06-07,87.47,"Harmonized Index of Consumer Prices: Overall Index Excluding Energy, Food, Alcohol, and Tobacco for Euro area (19 countries)","2000-12-01","2022-04-01","Index 2015=100","NSA","2022-05-18","Monthly","%",1.39098180132144
"113",2005-05-01,"00XEFDEZ19M086NEST",87.72,2022-06-07,2022-06-07,87.72,"Harmonized Index of Consumer Prices: Overall Index Excluding Energy, Food, Alcohol, and Tobacco for Euro area (19 countries)","2000-12-01","2022-04-01","Index 2015=100","NSA","2022-05-18","Monthly","%",1.5748031496063
"114",2005-06-01,"00XEFDEZ19M086NEST",87.7,2022-06-07,2022-06-07,87.7,"Harmonized Index of Consumer Prices: Overall Index Excluding Energy, Food, Alcohol, and Tobacco for Euro area (19 countries)","2000-12-01","2022-04-01","Index 2015=100","NSA","2022-05-18","Monthly","%",1.38728323699422
"115",2005-07-01,"00XEFDEZ19M086NEST",87.38,2022-06-07,2022-06-07,87.38,"Harmonized Index of Consumer Prices: Overall Index Excluding Energy, Food, Alcohol, and Tobacco for Euro area (19 countries)","2000-12-01","2022-04-01","Index 2015=100","NSA","2022-05-18","Monthly","%",1.29840018548573
"116",2005-08-01,"00XEFDEZ19M086NEST",87.55,2022-06-07,2022-06-07,87.55,"Harmonized Index of Consumer Prices: Overall Index Excluding Energy, Food, Alcohol, and Tobacco for Euro area (19 countries)","2000-12-01","2022-04-01","Index 2015=100","NSA","2022-05-18","Monthly","%",1.27241179872759
"117",2005-09-01,"00XEFDEZ19M086NEST",87.78,2022-06-07,2022-06-07,87.78,"Harmonized Index of Consumer Prices: Overall Index Excluding Energy, Food, Alcohol, and Tobacco for Euro area (19 countries)","2000-12-01","2022-04-01","Index 2015=100","NSA","2022-05-18","Monthly","%",1.30409694171956
"118",2005-10-01,"00XEFDEZ19M086NEST",88.04,2022-06-07,2022-06-07,88.04,"Harmonized Index of Consumer Prices: Overall Index Excluding Energy, Food, Alcohol, and Tobacco for Euro area (19 countries)","2000-12-01","2022-04-01","Index 2015=100","NSA","2022-05-18","Monthly","%",1.38185168125289
"119",2005-11-01,"00XEFDEZ19M086NEST",88.07,2022-06-07,2022-06-07,88.07,"Harmonized Index of Consumer Prices: Overall Index Excluding Energy, Food, Alcohol, and Tobacco for Euro area (19 countries)","2000-12-01","2022-04-01","Index 2015=100","NSA","2022-05-18","Monthly","%",1.36970534069982
"120",2005-12-01,"00XEFDEZ19M086NEST",88.46,2022-06-07,2022-06-07,88.46,"Harmonized Index of Consumer Prices: Overall Index Excluding Energy, Food, Alcohol, and Tobacco for Euro area (19 countries)","2000-12-01","2022-04-01","Index 2015=100","NSA","2022-05-18","Monthly","%",1.3519706691109
"121",2006-01-01,"00XEFDEZ19M086NEST",87.51,2022-06-07,2022-06-07,87.51,"Harmonized Index of Consumer Prices: Overall Index Excluding Energy, Food, Alcohol, and Tobacco for Euro area (19 countries)","2000-12-01","2022-04-01","Index 2015=100","NSA","2022-05-18","Monthly","%",1.23785284590467
"122",2006-02-01,"00XEFDEZ19M086NEST",87.73,2022-06-07,2022-06-07,87.73,"Harmonized Index of Consumer Prices: Overall Index Excluding Energy, Food, Alcohol, and Tobacco for Euro area (19 countries)","2000-12-01","2022-04-01","Index 2015=100","NSA","2022-05-18","Monthly","%",1.25807940904894
"123",2006-03-01,"00XEFDEZ19M086NEST",88.35,2022-06-07,2022-06-07,88.35,"Harmonized Index of Consumer Prices: Overall Index Excluding Energy, Food, Alcohol, and Tobacco for Euro area (19 countries)","2000-12-01","2022-04-01","Index 2015=100","NSA","2022-05-18","Monthly","%",1.31880733944953
"124",2006-04-01,"00XEFDEZ19M086NEST",88.79,2022-06-07,2022-06-07,88.79,"Harmonized Index of Consumer Prices: Overall Index Excluding Energy, Food, Alcohol, and Tobacco for Euro area (19 countries)","2000-12-01","2022-04-01","Index 2015=100","NSA","2022-05-18","Monthly","%",1.50908883045617
"125",2006-05-01,"00XEFDEZ19M086NEST",88.91,2022-06-07,2022-06-07,88.91,"Harmonized Index of Consumer Prices: Overall Index Excluding Energy, Food, Alcohol, and Tobacco for Euro area (19 countries)","2000-12-01","2022-04-01","Index 2015=100","NSA","2022-05-18","Monthly","%",1.35658914728682
"126",2006-06-01,"00XEFDEZ19M086NEST",88.98,2022-06-07,2022-06-07,88.98,"Harmonized Index of Consumer Prices: Overall Index Excluding Energy, Food, Alcohol, and Tobacco for Euro area (19 countries)","2000-12-01","2022-04-01","Index 2015=100","NSA","2022-05-18","Monthly","%",1.45952109464083
"127",2006-07-01,"00XEFDEZ19M086NEST",88.65,2022-06-07,2022-06-07,88.65,"Harmonized Index of Consumer Prices: Overall Index Excluding Energy, Food, Alcohol, and Tobacco for Euro area (19 countries)","2000-12-01","2022-04-01","Index 2015=100","NSA","2022-05-18","Monthly","%",1.45342183566035
"128",2006-08-01,"00XEFDEZ19M086NEST",88.75,2022-06-07,2022-06-07,88.75,"Harmonized Index of Consumer Prices: Overall Index Excluding Energy, Food, Alcohol, and Tobacco for Euro area (19 countries)","2000-12-01","2022-04-01","Index 2015=100","NSA","2022-05-18","Monthly","%",1.37064534551685
"129",2006-09-01,"00XEFDEZ19M086NEST",89.09,2022-06-07,2022-06-07,89.09,"Harmonized Index of Consumer Prices: Overall Index Excluding Energy, Food, Alcohol, and Tobacco for Euro area (19 countries)","2000-12-01","2022-04-01","Index 2015=100","NSA","2022-05-18","Monthly","%",1.49236728184097
"130",2006-10-01,"00XEFDEZ19M086NEST",89.38,2022-06-07,2022-06-07,89.38,"Harmonized Index of Consumer Prices: Overall Index Excluding Energy, Food, Alcohol, and Tobacco for Euro area (19 countries)","2000-12-01","2022-04-01","Index 2015=100","NSA","2022-05-18","Monthly","%",1.52203543843705
"131",2006-11-01,"00XEFDEZ19M086NEST",89.41,2022-06-07,2022-06-07,89.41,"Harmonized Index of Consumer Prices: Overall Index Excluding Energy, Food, Alcohol, and Tobacco for Euro area (19 countries)","2000-12-01","2022-04-01","Index 2015=100","NSA","2022-05-18","Monthly","%",1.52151697513343
"132",2006-12-01,"00XEFDEZ19M086NEST",89.83,2022-06-07,2022-06-07,89.83,"Harmonized Index of Consumer Prices: Overall Index Excluding Energy, Food, Alcohol, and Tobacco for Euro area (19 countries)","2000-12-01","2022-04-01","Index 2015=100","NSA","2022-05-18","Monthly","%",1.54872258647978
"133",2007-01-01,"00XEFDEZ19M086NEST",89.02,2022-06-07,2022-06-07,89.02,"Harmonized Index of Consumer Prices: Overall Index Excluding Energy, Food, Alcohol, and Tobacco for Euro area (19 countries)","2000-12-01","2022-04-01","Index 2015=100","NSA","2022-05-18","Monthly","%",1.72551708376185
"134",2007-02-01,"00XEFDEZ19M086NEST",89.37,2022-06-07,2022-06-07,89.37,"Harmonized Index of Consumer Prices: Overall Index Excluding Energy, Food, Alcohol, and Tobacco for Euro area (19 countries)","2000-12-01","2022-04-01","Index 2015=100","NSA","2022-05-18","Monthly","%",1.86937193662373
"135",2007-03-01,"00XEFDEZ19M086NEST",90,2022-06-07,2022-06-07,90,"Harmonized Index of Consumer Prices: Overall Index Excluding Energy, Food, Alcohol, and Tobacco for Euro area (19 countries)","2000-12-01","2022-04-01","Index 2015=100","NSA","2022-05-18","Monthly","%",1.86757215619695
"136",2007-04-01,"00XEFDEZ19M086NEST",90.48,2022-06-07,2022-06-07,90.48,"Harmonized Index of Consumer Prices: Overall Index Excluding Energy, Food, Alcohol, and Tobacco for Euro area (19 countries)","2000-12-01","2022-04-01","Index 2015=100","NSA","2022-05-18","Monthly","%",1.90336749633968
"137",2007-05-01,"00XEFDEZ19M086NEST",90.64,2022-06-07,2022-06-07,90.64,"Harmonized Index of Consumer Prices: Overall Index Excluding Energy, Food, Alcohol, and Tobacco for Euro area (19 countries)","2000-12-01","2022-04-01","Index 2015=100","NSA","2022-05-18","Monthly","%",1.9457878753796
"138",2007-06-01,"00XEFDEZ19M086NEST",90.67,2022-06-07,2022-06-07,90.67,"Harmonized Index of Consumer Prices: Overall Index Excluding Energy, Food, Alcohol, and Tobacco for Euro area (19 countries)","2000-12-01","2022-04-01","Index 2015=100","NSA","2022-05-18","Monthly","%",1.89930321420544
"139",2007-07-01,"00XEFDEZ19M086NEST",90.32,2022-06-07,2022-06-07,90.32,"Harmonized Index of Consumer Prices: Overall Index Excluding Energy, Food, Alcohol, and Tobacco for Euro area (19 countries)","2000-12-01","2022-04-01","Index 2015=100","NSA","2022-05-18","Monthly","%",1.88381274675689
"140",2007-08-01,"00XEFDEZ19M086NEST",90.46,2022-06-07,2022-06-07,90.46,"Harmonized Index of Consumer Prices: Overall Index Excluding Energy, Food, Alcohol, and Tobacco for Euro area (19 countries)","2000-12-01","2022-04-01","Index 2015=100","NSA","2022-05-18","Monthly","%",1.92676056338028
"141",2007-09-01,"00XEFDEZ19M086NEST",90.75,2022-06-07,2022-06-07,90.75,"Harmonized Index of Consumer Prices: Overall Index Excluding Energy, Food, Alcohol, and Tobacco for Euro area (19 countries)","2000-12-01","2022-04-01","Index 2015=100","NSA","2022-05-18","Monthly","%",1.86328431922775
"142",2007-10-01,"00XEFDEZ19M086NEST",91.06,2022-06-07,2022-06-07,91.06,"Harmonized Index of Consumer Prices: Overall Index Excluding Energy, Food, Alcohol, and Tobacco for Euro area (19 countries)","2000-12-01","2022-04-01","Index 2015=100","NSA","2022-05-18","Monthly","%",1.87961512642649
"143",2007-11-01,"00XEFDEZ19M086NEST",91.13,2022-06-07,2022-06-07,91.13,"Harmonized Index of Consumer Prices: Overall Index Excluding Energy, Food, Alcohol, and Tobacco for Euro area (19 countries)","2000-12-01","2022-04-01","Index 2015=100","NSA","2022-05-18","Monthly","%",1.92372217872721
"144",2007-12-01,"00XEFDEZ19M086NEST",91.55,2022-06-07,2022-06-07,91.55,"Harmonized Index of Consumer Prices: Overall Index Excluding Energy, Food, Alcohol, and Tobacco for Euro area (19 countries)","2000-12-01","2022-04-01","Index 2015=100","NSA","2022-05-18","Monthly","%",1.91472781921407
"145",2008-01-01,"00XEFDEZ19M086NEST",90.59,2022-06-07,2022-06-07,90.59,"Harmonized Index of Consumer Prices: Overall Index Excluding Energy, Food, Alcohol, and Tobacco for Euro area (19 countries)","2000-12-01","2022-04-01","Index 2015=100","NSA","2022-05-18","Monthly","%",1.76364861828804
"146",2008-02-01,"00XEFDEZ19M086NEST",90.97,2022-06-07,2022-06-07,90.97,"Harmonized Index of Consumer Prices: Overall Index Excluding Energy, Food, Alcohol, and Tobacco for Euro area (19 countries)","2000-12-01","2022-04-01","Index 2015=100","NSA","2022-05-18","Monthly","%",1.79030994740963
"147",2008-03-01,"00XEFDEZ19M086NEST",91.83,2022-06-07,2022-06-07,91.83,"Harmonized Index of Consumer Prices: Overall Index Excluding Energy, Food, Alcohol, and Tobacco for Euro area (19 countries)","2000-12-01","2022-04-01","Index 2015=100","NSA","2022-05-18","Monthly","%",2.03333333333333
"148",2008-04-01,"00XEFDEZ19M086NEST",92,2022-06-07,2022-06-07,92,"Harmonized Index of Consumer Prices: Overall Index Excluding Energy, Food, Alcohol, and Tobacco for Euro area (19 countries)","2000-12-01","2022-04-01","Index 2015=100","NSA","2022-05-18","Monthly","%",1.67992926613616
"149",2008-05-01,"00XEFDEZ19M086NEST",92.24,2022-06-07,2022-06-07,92.24,"Harmonized Index of Consumer Prices: Overall Index Excluding Energy, Food, Alcohol, and Tobacco for Euro area (19 countries)","2000-12-01","2022-04-01","Index 2015=100","NSA","2022-05-18","Monthly","%",1.76522506619594
"150",2008-06-01,"00XEFDEZ19M086NEST",92.33,2022-06-07,2022-06-07,92.33,"Harmonized Index of Consumer Prices: Overall Index Excluding Energy, Food, Alcohol, and Tobacco for Euro area (19 countries)","2000-12-01","2022-04-01","Index 2015=100","NSA","2022-05-18","Monthly","%",1.83081504356457
"151",2008-07-01,"00XEFDEZ19M086NEST",91.9,2022-06-07,2022-06-07,91.9,"Harmonized Index of Consumer Prices: Overall Index Excluding Energy, Food, Alcohol, and Tobacco for Euro area (19 countries)","2000-12-01","2022-04-01","Index 2015=100","NSA","2022-05-18","Monthly","%",1.7493356953056
"152",2008-08-01,"00XEFDEZ19M086NEST",92.21,2022-06-07,2022-06-07,92.21,"Harmonized Index of Consumer Prices: Overall Index Excluding Energy, Food, Alcohol, and Tobacco for Euro area (19 countries)","2000-12-01","2022-04-01","Index 2015=100","NSA","2022-05-18","Monthly","%",1.93455671014813
"153",2008-09-01,"00XEFDEZ19M086NEST",92.49,2022-06-07,2022-06-07,92.49,"Harmonized Index of Consumer Prices: Overall Index Excluding Energy, Food, Alcohol, and Tobacco for Euro area (19 countries)","2000-12-01","2022-04-01","Index 2015=100","NSA","2022-05-18","Monthly","%",1.91735537190083
"154",2008-10-01,"00XEFDEZ19M086NEST",92.85,2022-06-07,2022-06-07,92.85,"Harmonized Index of Consumer Prices: Overall Index Excluding Energy, Food, Alcohol, and Tobacco for Euro area (19 countries)","2000-12-01","2022-04-01","Index 2015=100","NSA","2022-05-18","Monthly","%",1.96573687678452
"155",2008-11-01,"00XEFDEZ19M086NEST",92.89,2022-06-07,2022-06-07,92.89,"Harmonized Index of Consumer Prices: Overall Index Excluding Energy, Food, Alcohol, and Tobacco for Euro area (19 countries)","2000-12-01","2022-04-01","Index 2015=100","NSA","2022-05-18","Monthly","%",1.93130692417427
"156",2008-12-01,"00XEFDEZ19M086NEST",93.28,2022-06-07,2022-06-07,93.28,"Harmonized Index of Consumer Prices: Overall Index Excluding Energy, Food, Alcohol, and Tobacco for Euro area (19 countries)","2000-12-01","2022-04-01","Index 2015=100","NSA","2022-05-18","Monthly","%",1.88967777170945
"157",2009-01-01,"00XEFDEZ19M086NEST",92.07,2022-06-07,2022-06-07,92.07,"Harmonized Index of Consumer Prices: Overall Index Excluding Energy, Food, Alcohol, and Tobacco for Euro area (19 countries)","2000-12-01","2022-04-01","Index 2015=100","NSA","2022-05-18","Monthly","%",1.63373440777126
"158",2009-02-01,"00XEFDEZ19M086NEST",92.52,2022-06-07,2022-06-07,92.52,"Harmonized Index of Consumer Prices: Overall Index Excluding Energy, Food, Alcohol, and Tobacco for Euro area (19 countries)","2000-12-01","2022-04-01","Index 2015=100","NSA","2022-05-18","Monthly","%",1.70385841486205
"159",2009-03-01,"00XEFDEZ19M086NEST",93.19,2022-06-07,2022-06-07,93.19,"Harmonized Index of Consumer Prices: Overall Index Excluding Energy, Food, Alcohol, and Tobacco for Euro area (19 countries)","2000-12-01","2022-04-01","Index 2015=100","NSA","2022-05-18","Monthly","%",1.48099749537187
"160",2009-04-01,"00XEFDEZ19M086NEST",93.64,2022-06-07,2022-06-07,93.64,"Harmonized Index of Consumer Prices: Overall Index Excluding Energy, Food, Alcohol, and Tobacco for Euro area (19 countries)","2000-12-01","2022-04-01","Index 2015=100","NSA","2022-05-18","Monthly","%",1.78260869565217
"161",2009-05-01,"00XEFDEZ19M086NEST",93.67,2022-06-07,2022-06-07,93.67,"Harmonized Index of Consumer Prices: Overall Index Excluding Energy, Food, Alcohol, and Tobacco for Euro area (19 countries)","2000-12-01","2022-04-01","Index 2015=100","NSA","2022-05-18","Monthly","%",1.55030355594103
"162",2009-06-01,"00XEFDEZ19M086NEST",93.63,2022-06-07,2022-06-07,93.63,"Harmonized Index of Consumer Prices: Overall Index Excluding Energy, Food, Alcohol, and Tobacco for Euro area (19 countries)","2000-12-01","2022-04-01","Index 2015=100","NSA","2022-05-18","Monthly","%",1.40799306834181
"163",2009-07-01,"00XEFDEZ19M086NEST",93.1,2022-06-07,2022-06-07,93.1,"Harmonized Index of Consumer Prices: Overall Index Excluding Energy, Food, Alcohol, and Tobacco for Euro area (19 countries)","2000-12-01","2022-04-01","Index 2015=100","NSA","2022-05-18","Monthly","%",1.30576713819368
"164",2009-08-01,"00XEFDEZ19M086NEST",93.42,2022-06-07,2022-06-07,93.42,"Harmonized Index of Consumer Prices: Overall Index Excluding Energy, Food, Alcohol, and Tobacco for Euro area (19 countries)","2000-12-01","2022-04-01","Index 2015=100","NSA","2022-05-18","Monthly","%",1.31222210172433
"165",2009-09-01,"00XEFDEZ19M086NEST",93.61,2022-06-07,2022-06-07,93.61,"Harmonized Index of Consumer Prices: Overall Index Excluding Energy, Food, Alcohol, and Tobacco for Euro area (19 countries)","2000-12-01","2022-04-01","Index 2015=100","NSA","2022-05-18","Monthly","%",1.21094172342957
"166",2009-10-01,"00XEFDEZ19M086NEST",93.93,2022-06-07,2022-06-07,93.93,"Harmonized Index of Consumer Prices: Overall Index Excluding Energy, Food, Alcohol, and Tobacco for Euro area (19 countries)","2000-12-01","2022-04-01","Index 2015=100","NSA","2022-05-18","Monthly","%",1.16316639741521
"167",2009-11-01,"00XEFDEZ19M086NEST",93.85,2022-06-07,2022-06-07,93.85,"Harmonized Index of Consumer Prices: Overall Index Excluding Energy, Food, Alcohol, and Tobacco for Euro area (19 countries)","2000-12-01","2022-04-01","Index 2015=100","NSA","2022-05-18","Monthly","%",1.03348046076004
"168",2009-12-01,"00XEFDEZ19M086NEST",94.29,2022-06-07,2022-06-07,94.29,"Harmonized Index of Consumer Prices: Overall Index Excluding Energy, Food, Alcohol, and Tobacco for Euro area (19 countries)","2000-12-01","2022-04-01","Index 2015=100","NSA","2022-05-18","Monthly","%",1.08276157804461
"169",2010-01-01,"00XEFDEZ19M086NEST",92.79,2022-06-07,2022-06-07,92.79,"Harmonized Index of Consumer Prices: Overall Index Excluding Energy, Food, Alcohol, and Tobacco for Euro area (19 countries)","2000-12-01","2022-04-01","Index 2015=100","NSA","2022-05-18","Monthly","%",0.782013685239513
"170",2010-02-01,"00XEFDEZ19M086NEST",93.2,2022-06-07,2022-06-07,93.2,"Harmonized Index of Consumer Prices: Overall Index Excluding Energy, Food, Alcohol, and Tobacco for Euro area (19 countries)","2000-12-01","2022-04-01","Index 2015=100","NSA","2022-05-18","Monthly","%",0.734976221357542
"171",2010-03-01,"00XEFDEZ19M086NEST",94.23,2022-06-07,2022-06-07,94.23,"Harmonized Index of Consumer Prices: Overall Index Excluding Energy, Food, Alcohol, and Tobacco for Euro area (19 countries)","2000-12-01","2022-04-01","Index 2015=100","NSA","2022-05-18","Monthly","%",1.1159995707694
"172",2010-04-01,"00XEFDEZ19M086NEST",94.43,2022-06-07,2022-06-07,94.43,"Harmonized Index of Consumer Prices: Overall Index Excluding Energy, Food, Alcohol, and Tobacco for Euro area (19 countries)","2000-12-01","2022-04-01","Index 2015=100","NSA","2022-05-18","Monthly","%",0.843656557026917
"173",2010-05-01,"00XEFDEZ19M086NEST",94.53,2022-06-07,2022-06-07,94.53,"Harmonized Index of Consumer Prices: Overall Index Excluding Energy, Food, Alcohol, and Tobacco for Euro area (19 countries)","2000-12-01","2022-04-01","Index 2015=100","NSA","2022-05-18","Monthly","%",0.918116792996693
"174",2010-06-01,"00XEFDEZ19M086NEST",94.55,2022-06-07,2022-06-07,94.55,"Harmonized Index of Consumer Prices: Overall Index Excluding Energy, Food, Alcohol, and Tobacco for Euro area (19 countries)","2000-12-01","2022-04-01","Index 2015=100","NSA","2022-05-18","Monthly","%",0.982591049877168
"175",2010-07-01,"00XEFDEZ19M086NEST",93.99,2022-06-07,2022-06-07,93.99,"Harmonized Index of Consumer Prices: Overall Index Excluding Energy, Food, Alcohol, and Tobacco for Euro area (19 countries)","2000-12-01","2022-04-01","Index 2015=100","NSA","2022-05-18","Monthly","%",0.955961331901189
"176",2010-08-01,"00XEFDEZ19M086NEST",94.31,2022-06-07,2022-06-07,94.31,"Harmonized Index of Consumer Prices: Overall Index Excluding Energy, Food, Alcohol, and Tobacco for Euro area (19 countries)","2000-12-01","2022-04-01","Index 2015=100","NSA","2022-05-18","Monthly","%",0.952686790837087
"177",2010-09-01,"00XEFDEZ19M086NEST",94.7,2022-06-07,2022-06-07,94.7,"Harmonized Index of Consumer Prices: Overall Index Excluding Energy, Food, Alcohol, and Tobacco for Euro area (19 countries)","2000-12-01","2022-04-01","Index 2015=100","NSA","2022-05-18","Monthly","%",1.1644055122316
"178",2010-10-01,"00XEFDEZ19M086NEST",94.98,2022-06-07,2022-06-07,94.98,"Harmonized Index of Consumer Prices: Overall Index Excluding Energy, Food, Alcohol, and Tobacco for Euro area (19 countries)","2000-12-01","2022-04-01","Index 2015=100","NSA","2022-05-18","Monthly","%",1.11785372085595
"179",2010-11-01,"00XEFDEZ19M086NEST",94.89,2022-06-07,2022-06-07,94.89,"Harmonized Index of Consumer Prices: Overall Index Excluding Energy, Food, Alcohol, and Tobacco for Euro area (19 countries)","2000-12-01","2022-04-01","Index 2015=100","NSA","2022-05-18","Monthly","%",1.10815130527437
"180",2010-12-01,"00XEFDEZ19M086NEST",95.27,2022-06-07,2022-06-07,95.27,"Harmonized Index of Consumer Prices: Overall Index Excluding Energy, Food, Alcohol, and Tobacco for Euro area (19 countries)","2000-12-01","2022-04-01","Index 2015=100","NSA","2022-05-18","Monthly","%",1.03934669636228
"181",2011-01-01,"00XEFDEZ19M086NEST",93.77,2022-06-07,2022-06-07,93.77,"Harmonized Index of Consumer Prices: Overall Index Excluding Energy, Food, Alcohol, and Tobacco for Euro area (19 countries)","2000-12-01","2022-04-01","Index 2015=100","NSA","2022-05-18","Monthly","%",1.05614829184177
"182",2011-02-01,"00XEFDEZ19M086NEST",94.1,2022-06-07,2022-06-07,94.1,"Harmonized Index of Consumer Prices: Overall Index Excluding Energy, Food, Alcohol, and Tobacco for Euro area (19 countries)","2000-12-01","2022-04-01","Index 2015=100","NSA","2022-05-18","Monthly","%",0.965665236051483
"183",2011-03-01,"00XEFDEZ19M086NEST",95.45,2022-06-07,2022-06-07,95.45,"Harmonized Index of Consumer Prices: Overall Index Excluding Energy, Food, Alcohol, and Tobacco for Euro area (19 countries)","2000-12-01","2022-04-01","Index 2015=100","NSA","2022-05-18","Monthly","%",1.29470444656692
"184",2011-04-01,"00XEFDEZ19M086NEST",95.94,2022-06-07,2022-06-07,95.94,"Harmonized Index of Consumer Prices: Overall Index Excluding Energy, Food, Alcohol, and Tobacco for Euro area (19 countries)","2000-12-01","2022-04-01","Index 2015=100","NSA","2022-05-18","Monthly","%",1.59906809276711
"185",2011-05-01,"00XEFDEZ19M086NEST",95.92,2022-06-07,2022-06-07,95.92,"Harmonized Index of Consumer Prices: Overall Index Excluding Energy, Food, Alcohol, and Tobacco for Euro area (19 countries)","2000-12-01","2022-04-01","Index 2015=100","NSA","2022-05-18","Monthly","%",1.47043266687823
"186",2011-06-01,"00XEFDEZ19M086NEST",96,2022-06-07,2022-06-07,96,"Harmonized Index of Consumer Prices: Overall Index Excluding Energy, Food, Alcohol, and Tobacco for Euro area (19 countries)","2000-12-01","2022-04-01","Index 2015=100","NSA","2022-05-18","Monthly","%",1.53358011634057
"187",2011-07-01,"00XEFDEZ19M086NEST",95.12,2022-06-07,2022-06-07,95.12,"Harmonized Index of Consumer Prices: Overall Index Excluding Energy, Food, Alcohol, and Tobacco for Euro area (19 countries)","2000-12-01","2022-04-01","Index 2015=100","NSA","2022-05-18","Monthly","%",1.20225555910205
"188",2011-08-01,"00XEFDEZ19M086NEST",95.43,2022-06-07,2022-06-07,95.43,"Harmonized Index of Consumer Prices: Overall Index Excluding Energy, Food, Alcohol, and Tobacco for Euro area (19 countries)","2000-12-01","2022-04-01","Index 2015=100","NSA","2022-05-18","Monthly","%",1.18757289788993
"189",2011-09-01,"00XEFDEZ19M086NEST",96.23,2022-06-07,2022-06-07,96.23,"Harmonized Index of Consumer Prices: Overall Index Excluding Energy, Food, Alcohol, and Tobacco for Euro area (19 countries)","2000-12-01","2022-04-01","Index 2015=100","NSA","2022-05-18","Monthly","%",1.61562829989441
"190",2011-10-01,"00XEFDEZ19M086NEST",96.49,2022-06-07,2022-06-07,96.49,"Harmonized Index of Consumer Prices: Overall Index Excluding Energy, Food, Alcohol, and Tobacco for Euro area (19 countries)","2000-12-01","2022-04-01","Index 2015=100","NSA","2022-05-18","Monthly","%",1.58980838071172
"191",2011-11-01,"00XEFDEZ19M086NEST",96.4,2022-06-07,2022-06-07,96.4,"Harmonized Index of Consumer Prices: Overall Index Excluding Energy, Food, Alcohol, and Tobacco for Euro area (19 countries)","2000-12-01","2022-04-01","Index 2015=100","NSA","2022-05-18","Monthly","%",1.59131626093372
"192",2011-12-01,"00XEFDEZ19M086NEST",96.82,2022-06-07,2022-06-07,96.82,"Harmonized Index of Consumer Prices: Overall Index Excluding Energy, Food, Alcohol, and Tobacco for Euro area (19 countries)","2000-12-01","2022-04-01","Index 2015=100","NSA","2022-05-18","Monthly","%",1.62695497008503
"193",2012-01-01,"00XEFDEZ19M086NEST",95.2,2022-06-07,2022-06-07,95.2,"Harmonized Index of Consumer Prices: Overall Index Excluding Energy, Food, Alcohol, and Tobacco for Euro area (19 countries)","2000-12-01","2022-04-01","Index 2015=100","NSA","2022-05-18","Monthly","%",1.52500799829371
"194",2012-02-01,"00XEFDEZ19M086NEST",95.53,2022-06-07,2022-06-07,95.53,"Harmonized Index of Consumer Prices: Overall Index Excluding Energy, Food, Alcohol, and Tobacco for Euro area (19 countries)","2000-12-01","2022-04-01","Index 2015=100","NSA","2022-05-18","Monthly","%",1.51965993623806
"195",2012-03-01,"00XEFDEZ19M086NEST",96.98,2022-06-07,2022-06-07,96.98,"Harmonized Index of Consumer Prices: Overall Index Excluding Energy, Food, Alcohol, and Tobacco for Euro area (19 countries)","2000-12-01","2022-04-01","Index 2015=100","NSA","2022-05-18","Monthly","%",1.60293347302252
"196",2012-04-01,"00XEFDEZ19M086NEST",97.44,2022-06-07,2022-06-07,97.44,"Harmonized Index of Consumer Prices: Overall Index Excluding Energy, Food, Alcohol, and Tobacco for Euro area (19 countries)","2000-12-01","2022-04-01","Index 2015=100","NSA","2022-05-18","Monthly","%",1.56347717323326
"197",2012-05-01,"00XEFDEZ19M086NEST",97.43,2022-06-07,2022-06-07,97.43,"Harmonized Index of Consumer Prices: Overall Index Excluding Energy, Food, Alcohol, and Tobacco for Euro area (19 countries)","2000-12-01","2022-04-01","Index 2015=100","NSA","2022-05-18","Monthly","%",1.57422852376981
"198",2012-06-01,"00XEFDEZ19M086NEST",97.5,2022-06-07,2022-06-07,97.5,"Harmonized Index of Consumer Prices: Overall Index Excluding Energy, Food, Alcohol, and Tobacco for Euro area (19 countries)","2000-12-01","2022-04-01","Index 2015=100","NSA","2022-05-18","Monthly","%",1.5625
"199",2012-07-01,"00XEFDEZ19M086NEST",96.73,2022-06-07,2022-06-07,96.73,"Harmonized Index of Consumer Prices: Overall Index Excluding Energy, Food, Alcohol, and Tobacco for Euro area (19 countries)","2000-12-01","2022-04-01","Index 2015=100","NSA","2022-05-18","Monthly","%",1.69259882253996
"200",2012-08-01,"00XEFDEZ19M086NEST",96.89,2022-06-07,2022-06-07,96.89,"Harmonized Index of Consumer Prices: Overall Index Excluding Energy, Food, Alcohol, and Tobacco for Euro area (19 countries)","2000-12-01","2022-04-01","Index 2015=100","NSA","2022-05-18","Monthly","%",1.52991721680813
"201",2012-09-01,"00XEFDEZ19M086NEST",97.68,2022-06-07,2022-06-07,97.68,"Harmonized Index of Consumer Prices: Overall Index Excluding Energy, Food, Alcohol, and Tobacco for Euro area (19 countries)","2000-12-01","2022-04-01","Index 2015=100","NSA","2022-05-18","Monthly","%",1.50680660916553
"202",2012-10-01,"00XEFDEZ19M086NEST",97.91,2022-06-07,2022-06-07,97.91,"Harmonized Index of Consumer Prices: Overall Index Excluding Energy, Food, Alcohol, and Tobacco for Euro area (19 countries)","2000-12-01","2022-04-01","Index 2015=100","NSA","2022-05-18","Monthly","%",1.4716550937921
"203",2012-11-01,"00XEFDEZ19M086NEST",97.76,2022-06-07,2022-06-07,97.76,"Harmonized Index of Consumer Prices: Overall Index Excluding Energy, Food, Alcohol, and Tobacco for Euro area (19 countries)","2000-12-01","2022-04-01","Index 2015=100","NSA","2022-05-18","Monthly","%",1.41078838174273
"204",2012-12-01,"00XEFDEZ19M086NEST",98.26,2022-06-07,2022-06-07,98.26,"Harmonized Index of Consumer Prices: Overall Index Excluding Energy, Food, Alcohol, and Tobacco for Euro area (19 countries)","2000-12-01","2022-04-01","Index 2015=100","NSA","2022-05-18","Monthly","%",1.48729601322042
"205",2013-01-01,"00XEFDEZ19M086NEST",96.47,2022-06-07,2022-06-07,96.47,"Harmonized Index of Consumer Prices: Overall Index Excluding Energy, Food, Alcohol, and Tobacco for Euro area (19 countries)","2000-12-01","2022-04-01","Index 2015=100","NSA","2022-05-18","Monthly","%",1.33403361344537
"206",2013-02-01,"00XEFDEZ19M086NEST",96.76,2022-06-07,2022-06-07,96.76,"Harmonized Index of Consumer Prices: Overall Index Excluding Energy, Food, Alcohol, and Tobacco for Euro area (19 countries)","2000-12-01","2022-04-01","Index 2015=100","NSA","2022-05-18","Monthly","%",1.28755364806867
"207",2013-03-01,"00XEFDEZ19M086NEST",98.42,2022-06-07,2022-06-07,98.42,"Harmonized Index of Consumer Prices: Overall Index Excluding Energy, Food, Alcohol, and Tobacco for Euro area (19 countries)","2000-12-01","2022-04-01","Index 2015=100","NSA","2022-05-18","Monthly","%",1.48484223551248
"208",2013-04-01,"00XEFDEZ19M086NEST",98.39,2022-06-07,2022-06-07,98.39,"Harmonized Index of Consumer Prices: Overall Index Excluding Energy, Food, Alcohol, and Tobacco for Euro area (19 countries)","2000-12-01","2022-04-01","Index 2015=100","NSA","2022-05-18","Monthly","%",0.974958949096894
"209",2013-05-01,"00XEFDEZ19M086NEST",98.59,2022-06-07,2022-06-07,98.59,"Harmonized Index of Consumer Prices: Overall Index Excluding Energy, Food, Alcohol, and Tobacco for Euro area (19 countries)","2000-12-01","2022-04-01","Index 2015=100","NSA","2022-05-18","Monthly","%",1.19059837832289
"210",2013-06-01,"00XEFDEZ19M086NEST",98.63,2022-06-07,2022-06-07,98.63,"Harmonized Index of Consumer Prices: Overall Index Excluding Energy, Food, Alcohol, and Tobacco for Euro area (19 countries)","2000-12-01","2022-04-01","Index 2015=100","NSA","2022-05-18","Monthly","%",1.15897435897436
"211",2013-07-01,"00XEFDEZ19M086NEST",97.78,2022-06-07,2022-06-07,97.78,"Harmonized Index of Consumer Prices: Overall Index Excluding Energy, Food, Alcohol, and Tobacco for Euro area (19 countries)","2000-12-01","2022-04-01","Index 2015=100","NSA","2022-05-18","Monthly","%",1.08549570970744
"212",2013-08-01,"00XEFDEZ19M086NEST",97.96,2022-06-07,2022-06-07,97.96,"Harmonized Index of Consumer Prices: Overall Index Excluding Energy, Food, Alcohol, and Tobacco for Euro area (19 countries)","2000-12-01","2022-04-01","Index 2015=100","NSA","2022-05-18","Monthly","%",1.10434513365671
"213",2013-09-01,"00XEFDEZ19M086NEST",98.67,2022-06-07,2022-06-07,98.67,"Harmonized Index of Consumer Prices: Overall Index Excluding Energy, Food, Alcohol, and Tobacco for Euro area (19 countries)","2000-12-01","2022-04-01","Index 2015=100","NSA","2022-05-18","Monthly","%",1.01351351351351
"214",2013-10-01,"00XEFDEZ19M086NEST",98.72,2022-06-07,2022-06-07,98.72,"Harmonized Index of Consumer Prices: Overall Index Excluding Energy, Food, Alcohol, and Tobacco for Euro area (19 countries)","2000-12-01","2022-04-01","Index 2015=100","NSA","2022-05-18","Monthly","%",0.827290368705946
"215",2013-11-01,"00XEFDEZ19M086NEST",98.69,2022-06-07,2022-06-07,98.69,"Harmonized Index of Consumer Prices: Overall Index Excluding Energy, Food, Alcohol, and Tobacco for Euro area (19 countries)","2000-12-01","2022-04-01","Index 2015=100","NSA","2022-05-18","Monthly","%",0.951309328968897
"216",2013-12-01,"00XEFDEZ19M086NEST",98.96,2022-06-07,2022-06-07,98.96,"Harmonized Index of Consumer Prices: Overall Index Excluding Energy, Food, Alcohol, and Tobacco for Euro area (19 countries)","2000-12-01","2022-04-01","Index 2015=100","NSA","2022-05-18","Monthly","%",0.712395684917544
"217",2014-01-01,"00XEFDEZ19M086NEST",97.25,2022-06-07,2022-06-07,97.25,"Harmonized Index of Consumer Prices: Overall Index Excluding Energy, Food, Alcohol, and Tobacco for Euro area (19 countries)","2000-12-01","2022-04-01","Index 2015=100","NSA","2022-05-18","Monthly","%",0.808541515497052
"218",2014-02-01,"00XEFDEZ19M086NEST",97.71,2022-06-07,2022-06-07,97.71,"Harmonized Index of Consumer Prices: Overall Index Excluding Energy, Food, Alcohol, and Tobacco for Euro area (19 countries)","2000-12-01","2022-04-01","Index 2015=100","NSA","2022-05-18","Monthly","%",0.981810665564264
"219",2014-03-01,"00XEFDEZ19M086NEST",99.13,2022-06-07,2022-06-07,99.13,"Harmonized Index of Consumer Prices: Overall Index Excluding Energy, Food, Alcohol, and Tobacco for Euro area (19 countries)","2000-12-01","2022-04-01","Index 2015=100","NSA","2022-05-18","Monthly","%",0.721398089819125
"220",2014-04-01,"00XEFDEZ19M086NEST",99.38,2022-06-07,2022-06-07,99.38,"Harmonized Index of Consumer Prices: Overall Index Excluding Energy, Food, Alcohol, and Tobacco for Euro area (19 countries)","2000-12-01","2022-04-01","Index 2015=100","NSA","2022-05-18","Monthly","%",1.00619981705456
"221",2014-05-01,"00XEFDEZ19M086NEST",99.25,2022-06-07,2022-06-07,99.25,"Harmonized Index of Consumer Prices: Overall Index Excluding Energy, Food, Alcohol, and Tobacco for Euro area (19 countries)","2000-12-01","2022-04-01","Index 2015=100","NSA","2022-05-18","Monthly","%",0.669439091185708
"222",2014-06-01,"00XEFDEZ19M086NEST",99.38,2022-06-07,2022-06-07,99.38,"Harmonized Index of Consumer Prices: Overall Index Excluding Energy, Food, Alcohol, and Tobacco for Euro area (19 countries)","2000-12-01","2022-04-01","Index 2015=100","NSA","2022-05-18","Monthly","%",0.760417722802398
"223",2014-07-01,"00XEFDEZ19M086NEST",98.55,2022-06-07,2022-06-07,98.55,"Harmonized Index of Consumer Prices: Overall Index Excluding Energy, Food, Alcohol, and Tobacco for Euro area (19 countries)","2000-12-01","2022-04-01","Index 2015=100","NSA","2022-05-18","Monthly","%",0.787482102679471
"224",2014-08-01,"00XEFDEZ19M086NEST",98.87,2022-06-07,2022-06-07,98.87,"Harmonized Index of Consumer Prices: Overall Index Excluding Energy, Food, Alcohol, and Tobacco for Euro area (19 countries)","2000-12-01","2022-04-01","Index 2015=100","NSA","2022-05-18","Monthly","%",0.928950592078404
"225",2014-09-01,"00XEFDEZ19M086NEST",99.42,2022-06-07,2022-06-07,99.42,"Harmonized Index of Consumer Prices: Overall Index Excluding Energy, Food, Alcohol, and Tobacco for Euro area (19 countries)","2000-12-01","2022-04-01","Index 2015=100","NSA","2022-05-18","Monthly","%",0.760109455761637
"226",2014-10-01,"00XEFDEZ19M086NEST",99.42,2022-06-07,2022-06-07,99.42,"Harmonized Index of Consumer Prices: Overall Index Excluding Energy, Food, Alcohol, and Tobacco for Euro area (19 countries)","2000-12-01","2022-04-01","Index 2015=100","NSA","2022-05-18","Monthly","%",0.709076175040524
"227",2014-11-01,"00XEFDEZ19M086NEST",99.35,2022-06-07,2022-06-07,99.35,"Harmonized Index of Consumer Prices: Overall Index Excluding Energy, Food, Alcohol, and Tobacco for Euro area (19 countries)","2000-12-01","2022-04-01","Index 2015=100","NSA","2022-05-18","Monthly","%",0.668760766035059
"228",2014-12-01,"00XEFDEZ19M086NEST",99.7,2022-06-07,2022-06-07,99.7,"Harmonized Index of Consumer Prices: Overall Index Excluding Energy, Food, Alcohol, and Tobacco for Euro area (19 countries)","2000-12-01","2022-04-01","Index 2015=100","NSA","2022-05-18","Monthly","%",0.747776879547302
"229",2015-01-01,"00XEFDEZ19M086NEST",97.87,2022-06-07,2022-06-07,97.87,"Harmonized Index of Consumer Prices: Overall Index Excluding Energy, Food, Alcohol, and Tobacco for Euro area (19 countries)","2000-12-01","2022-04-01","Index 2015=100","NSA","2022-05-18","Monthly","%",0.6375321336761
"230",2015-02-01,"00XEFDEZ19M086NEST",98.38,2022-06-07,2022-06-07,98.38,"Harmonized Index of Consumer Prices: Overall Index Excluding Energy, Food, Alcohol, and Tobacco for Euro area (19 countries)","2000-12-01","2022-04-01","Index 2015=100","NSA","2022-05-18","Monthly","%",0.685702589294857
"231",2015-03-01,"00XEFDEZ19M086NEST",99.77,2022-06-07,2022-06-07,99.77,"Harmonized Index of Consumer Prices: Overall Index Excluding Energy, Food, Alcohol, and Tobacco for Euro area (19 countries)","2000-12-01","2022-04-01","Index 2015=100","NSA","2022-05-18","Monthly","%",0.64561686674065
"232",2015-04-01,"00XEFDEZ19M086NEST",100.3,2022-06-07,2022-06-07,100.3,"Harmonized Index of Consumer Prices: Overall Index Excluding Energy, Food, Alcohol, and Tobacco for Euro area (19 countries)","2000-12-01","2022-04-01","Index 2015=100","NSA","2022-05-18","Monthly","%",0.925739585429675
"233",2015-05-01,"00XEFDEZ19M086NEST",100.52,2022-06-07,2022-06-07,100.52,"Harmonized Index of Consumer Prices: Overall Index Excluding Energy, Food, Alcohol, and Tobacco for Euro area (19 countries)","2000-12-01","2022-04-01","Index 2015=100","NSA","2022-05-18","Monthly","%",1.27959697732998
"234",2015-06-01,"00XEFDEZ19M086NEST",100.57,2022-06-07,2022-06-07,100.57,"Harmonized Index of Consumer Prices: Overall Index Excluding Energy, Food, Alcohol, and Tobacco for Euro area (19 countries)","2000-12-01","2022-04-01","Index 2015=100","NSA","2022-05-18","Monthly","%",1.19742402897967
"235",2015-07-01,"00XEFDEZ19M086NEST",99.93,2022-06-07,2022-06-07,99.93,"Harmonized Index of Consumer Prices: Overall Index Excluding Energy, Food, Alcohol, and Tobacco for Euro area (19 countries)","2000-12-01","2022-04-01","Index 2015=100","NSA","2022-05-18","Monthly","%",1.40030441400305
"236",2015-08-01,"00XEFDEZ19M086NEST",100.24,2022-06-07,2022-06-07,100.24,"Harmonized Index of Consumer Prices: Overall Index Excluding Energy, Food, Alcohol, and Tobacco for Euro area (19 countries)","2000-12-01","2022-04-01","Index 2015=100","NSA","2022-05-18","Monthly","%",1.38565793466168
"237",2015-09-01,"00XEFDEZ19M086NEST",100.71,2022-06-07,2022-06-07,100.71,"Harmonized Index of Consumer Prices: Overall Index Excluding Energy, Food, Alcohol, and Tobacco for Euro area (19 countries)","2000-12-01","2022-04-01","Index 2015=100","NSA","2022-05-18","Monthly","%",1.29752564876282
"238",2015-10-01,"00XEFDEZ19M086NEST",100.87,2022-06-07,2022-06-07,100.87,"Harmonized Index of Consumer Prices: Overall Index Excluding Energy, Food, Alcohol, and Tobacco for Euro area (19 countries)","2000-12-01","2022-04-01","Index 2015=100","NSA","2022-05-18","Monthly","%",1.45845906256288
"239",2015-11-01,"00XEFDEZ19M086NEST",100.25,2022-06-07,2022-06-07,100.25,"Harmonized Index of Consumer Prices: Overall Index Excluding Energy, Food, Alcohol, and Tobacco for Euro area (19 countries)","2000-12-01","2022-04-01","Index 2015=100","NSA","2022-05-18","Monthly","%",0.905888273779576
"240",2015-12-01,"00XEFDEZ19M086NEST",100.61,2022-06-07,2022-06-07,100.61,"Harmonized Index of Consumer Prices: Overall Index Excluding Energy, Food, Alcohol, and Tobacco for Euro area (19 countries)","2000-12-01","2022-04-01","Index 2015=100","NSA","2022-05-18","Monthly","%",0.912738214643927
"241",2016-01-01,"00XEFDEZ19M086NEST",98.84,2022-06-07,2022-06-07,98.84,"Harmonized Index of Consumer Prices: Overall Index Excluding Energy, Food, Alcohol, and Tobacco for Euro area (19 countries)","2000-12-01","2022-04-01","Index 2015=100","NSA","2022-05-18","Monthly","%",0.991110656993976
"242",2016-02-01,"00XEFDEZ19M086NEST",99.24,2022-06-07,2022-06-07,99.24,"Harmonized Index of Consumer Prices: Overall Index Excluding Energy, Food, Alcohol, and Tobacco for Euro area (19 countries)","2000-12-01","2022-04-01","Index 2015=100","NSA","2022-05-18","Monthly","%",0.874161414921737
"243",2016-03-01,"00XEFDEZ19M086NEST",100.8,2022-06-07,2022-06-07,100.8,"Harmonized Index of Consumer Prices: Overall Index Excluding Energy, Food, Alcohol, and Tobacco for Euro area (19 countries)","2000-12-01","2022-04-01","Index 2015=100","NSA","2022-05-18","Monthly","%",1.0323744612609
"244",2016-04-01,"00XEFDEZ19M086NEST",101.02,2022-06-07,2022-06-07,101.02,"Harmonized Index of Consumer Prices: Overall Index Excluding Energy, Food, Alcohol, and Tobacco for Euro area (19 countries)","2000-12-01","2022-04-01","Index 2015=100","NSA","2022-05-18","Monthly","%",0.717846460618143
"245",2016-05-01,"00XEFDEZ19M086NEST",101.32,2022-06-07,2022-06-07,101.32,"Harmonized Index of Consumer Prices: Overall Index Excluding Energy, Food, Alcohol, and Tobacco for Euro area (19 countries)","2000-12-01","2022-04-01","Index 2015=100","NSA","2022-05-18","Monthly","%",0.795861520095498
"246",2016-06-01,"00XEFDEZ19M086NEST",101.37,2022-06-07,2022-06-07,101.37,"Harmonized Index of Consumer Prices: Overall Index Excluding Energy, Food, Alcohol, and Tobacco for Euro area (19 countries)","2000-12-01","2022-04-01","Index 2015=100","NSA","2022-05-18","Monthly","%",0.795465844685306
"247",2016-07-01,"00XEFDEZ19M086NEST",100.8,2022-06-07,2022-06-07,100.8,"Harmonized Index of Consumer Prices: Overall Index Excluding Energy, Food, Alcohol, and Tobacco for Euro area (19 countries)","2000-12-01","2022-04-01","Index 2015=100","NSA","2022-05-18","Monthly","%",0.870609426598601
"248",2016-08-01,"00XEFDEZ19M086NEST",101.04,2022-06-07,2022-06-07,101.04,"Harmonized Index of Consumer Prices: Overall Index Excluding Energy, Food, Alcohol, and Tobacco for Euro area (19 countries)","2000-12-01","2022-04-01","Index 2015=100","NSA","2022-05-18","Monthly","%",0.798084596967286
"249",2016-09-01,"00XEFDEZ19M086NEST",101.51,2022-06-07,2022-06-07,101.51,"Harmonized Index of Consumer Prices: Overall Index Excluding Energy, Food, Alcohol, and Tobacco for Euro area (19 countries)","2000-12-01","2022-04-01","Index 2015=100","NSA","2022-05-18","Monthly","%",0.794360043689823
"250",2016-10-01,"00XEFDEZ19M086NEST",101.62,2022-06-07,2022-06-07,101.62,"Harmonized Index of Consumer Prices: Overall Index Excluding Energy, Food, Alcohol, and Tobacco for Euro area (19 countries)","2000-12-01","2022-04-01","Index 2015=100","NSA","2022-05-18","Monthly","%",0.743531277882425
"251",2016-11-01,"00XEFDEZ19M086NEST",101.04,2022-06-07,2022-06-07,101.04,"Harmonized Index of Consumer Prices: Overall Index Excluding Energy, Food, Alcohol, and Tobacco for Euro area (19 countries)","2000-12-01","2022-04-01","Index 2015=100","NSA","2022-05-18","Monthly","%",0.788029925187028
"252",2016-12-01,"00XEFDEZ19M086NEST",101.47,2022-06-07,2022-06-07,101.47,"Harmonized Index of Consumer Prices: Overall Index Excluding Energy, Food, Alcohol, and Tobacco for Euro area (19 countries)","2000-12-01","2022-04-01","Index 2015=100","NSA","2022-05-18","Monthly","%",0.854785806579872
"253",2017-01-01,"00XEFDEZ19M086NEST",99.7,2022-06-07,2022-06-07,99.7,"Harmonized Index of Consumer Prices: Overall Index Excluding Energy, Food, Alcohol, and Tobacco for Euro area (19 countries)","2000-12-01","2022-04-01","Index 2015=100","NSA","2022-05-18","Monthly","%",0.87009307972481
"254",2017-02-01,"00XEFDEZ19M086NEST",100.07,2022-06-07,2022-06-07,100.07,"Harmonized Index of Consumer Prices: Overall Index Excluding Energy, Food, Alcohol, and Tobacco for Euro area (19 countries)","2000-12-01","2022-04-01","Index 2015=100","NSA","2022-05-18","Monthly","%",0.836356307940345
"255",2017-03-01,"00XEFDEZ19M086NEST",101.5,2022-06-07,2022-06-07,101.5,"Harmonized Index of Consumer Prices: Overall Index Excluding Energy, Food, Alcohol, and Tobacco for Euro area (19 countries)","2000-12-01","2022-04-01","Index 2015=100","NSA","2022-05-18","Monthly","%",0.694444444444442
"256",2017-04-01,"00XEFDEZ19M086NEST",102.29,2022-06-07,2022-06-07,102.29,"Harmonized Index of Consumer Prices: Overall Index Excluding Energy, Food, Alcohol, and Tobacco for Euro area (19 countries)","2000-12-01","2022-04-01","Index 2015=100","NSA","2022-05-18","Monthly","%",1.25717679667394
"257",2017-05-01,"00XEFDEZ19M086NEST",102.25,2022-06-07,2022-06-07,102.25,"Harmonized Index of Consumer Prices: Overall Index Excluding Energy, Food, Alcohol, and Tobacco for Euro area (19 countries)","2000-12-01","2022-04-01","Index 2015=100","NSA","2022-05-18","Monthly","%",0.917883932096331
"258",2017-06-01,"00XEFDEZ19M086NEST",102.57,2022-06-07,2022-06-07,102.57,"Harmonized Index of Consumer Prices: Overall Index Excluding Energy, Food, Alcohol, and Tobacco for Euro area (19 countries)","2000-12-01","2022-04-01","Index 2015=100","NSA","2022-05-18","Monthly","%",1.18378218407811
"259",2017-07-01,"00XEFDEZ19M086NEST",102.02,2022-06-07,2022-06-07,102.02,"Harmonized Index of Consumer Prices: Overall Index Excluding Energy, Food, Alcohol, and Tobacco for Euro area (19 countries)","2000-12-01","2022-04-01","Index 2015=100","NSA","2022-05-18","Monthly","%",1.21031746031746
"260",2017-08-01,"00XEFDEZ19M086NEST",102.28,2022-06-07,2022-06-07,102.28,"Harmonized Index of Consumer Prices: Overall Index Excluding Energy, Food, Alcohol, and Tobacco for Euro area (19 countries)","2000-12-01","2022-04-01","Index 2015=100","NSA","2022-05-18","Monthly","%",1.22723673792557
"261",2017-09-01,"00XEFDEZ19M086NEST",102.68,2022-06-07,2022-06-07,102.68,"Harmonized Index of Consumer Prices: Overall Index Excluding Energy, Food, Alcohol, and Tobacco for Euro area (19 countries)","2000-12-01","2022-04-01","Index 2015=100","NSA","2022-05-18","Monthly","%",1.15259580336913
"262",2017-10-01,"00XEFDEZ19M086NEST",102.51,2022-06-07,2022-06-07,102.51,"Harmonized Index of Consumer Prices: Overall Index Excluding Energy, Food, Alcohol, and Tobacco for Euro area (19 countries)","2000-12-01","2022-04-01","Index 2015=100","NSA","2022-05-18","Monthly","%",0.875811848061403
"263",2017-11-01,"00XEFDEZ19M086NEST",101.97,2022-06-07,2022-06-07,101.97,"Harmonized Index of Consumer Prices: Overall Index Excluding Energy, Food, Alcohol, and Tobacco for Euro area (19 countries)","2000-12-01","2022-04-01","Index 2015=100","NSA","2022-05-18","Monthly","%",0.92042755344417
"264",2017-12-01,"00XEFDEZ19M086NEST",102.4,2022-06-07,2022-06-07,102.4,"Harmonized Index of Consumer Prices: Overall Index Excluding Energy, Food, Alcohol, and Tobacco for Euro area (19 countries)","2000-12-01","2022-04-01","Index 2015=100","NSA","2022-05-18","Monthly","%",0.91652705233074
"265",2018-01-01,"00XEFDEZ19M086NEST",100.67,2022-06-07,2022-06-07,100.67,"Harmonized Index of Consumer Prices: Overall Index Excluding Energy, Food, Alcohol, and Tobacco for Euro area (19 countries)","2000-12-01","2022-04-01","Index 2015=100","NSA","2022-05-18","Monthly","%",0.972918756268815
"266",2018-02-01,"00XEFDEZ19M086NEST",101.07,2022-06-07,2022-06-07,101.07,"Harmonized Index of Consumer Prices: Overall Index Excluding Energy, Food, Alcohol, and Tobacco for Euro area (19 countries)","2000-12-01","2022-04-01","Index 2015=100","NSA","2022-05-18","Monthly","%",0.99930048965724
"267",2018-03-01,"00XEFDEZ19M086NEST",102.63,2022-06-07,2022-06-07,102.63,"Harmonized Index of Consumer Prices: Overall Index Excluding Energy, Food, Alcohol, and Tobacco for Euro area (19 countries)","2000-12-01","2022-04-01","Index 2015=100","NSA","2022-05-18","Monthly","%",1.11330049261082
"268",2018-04-01,"00XEFDEZ19M086NEST",103.04,2022-06-07,2022-06-07,103.04,"Harmonized Index of Consumer Prices: Overall Index Excluding Energy, Food, Alcohol, and Tobacco for Euro area (19 countries)","2000-12-01","2022-04-01","Index 2015=100","NSA","2022-05-18","Monthly","%",0.733209502395149
"269",2018-05-01,"00XEFDEZ19M086NEST",103.51,2022-06-07,2022-06-07,103.51,"Harmonized Index of Consumer Prices: Overall Index Excluding Energy, Food, Alcohol, and Tobacco for Euro area (19 countries)","2000-12-01","2022-04-01","Index 2015=100","NSA","2022-05-18","Monthly","%",1.2322738386308
"270",2018-06-01,"00XEFDEZ19M086NEST",103.56,2022-06-07,2022-06-07,103.56,"Harmonized Index of Consumer Prices: Overall Index Excluding Energy, Food, Alcohol, and Tobacco for Euro area (19 countries)","2000-12-01","2022-04-01","Index 2015=100","NSA","2022-05-18","Monthly","%",0.96519450131618
"271",2018-07-01,"00XEFDEZ19M086NEST",103.18,2022-06-07,2022-06-07,103.18,"Harmonized Index of Consumer Prices: Overall Index Excluding Energy, Food, Alcohol, and Tobacco for Euro area (19 countries)","2000-12-01","2022-04-01","Index 2015=100","NSA","2022-05-18","Monthly","%",1.13703195451873
"272",2018-08-01,"00XEFDEZ19M086NEST",103.34,2022-06-07,2022-06-07,103.34,"Harmonized Index of Consumer Prices: Overall Index Excluding Energy, Food, Alcohol, and Tobacco for Euro area (19 countries)","2000-12-01","2022-04-01","Index 2015=100","NSA","2022-05-18","Monthly","%",1.03637074696912
"273",2018-09-01,"00XEFDEZ19M086NEST",103.66,2022-06-07,2022-06-07,103.66,"Harmonized Index of Consumer Prices: Overall Index Excluding Energy, Food, Alcohol, and Tobacco for Euro area (19 countries)","2000-12-01","2022-04-01","Index 2015=100","NSA","2022-05-18","Monthly","%",0.954421503700797
"274",2018-10-01,"00XEFDEZ19M086NEST",103.72,2022-06-07,2022-06-07,103.72,"Harmonized Index of Consumer Prices: Overall Index Excluding Energy, Food, Alcohol, and Tobacco for Euro area (19 countries)","2000-12-01","2022-04-01","Index 2015=100","NSA","2022-05-18","Monthly","%",1.18037264657107
"275",2018-11-01,"00XEFDEZ19M086NEST",102.92,2022-06-07,2022-06-07,102.92,"Harmonized Index of Consumer Prices: Overall Index Excluding Energy, Food, Alcohol, and Tobacco for Euro area (19 countries)","2000-12-01","2022-04-01","Index 2015=100","NSA","2022-05-18","Monthly","%",0.931646562714517
"276",2018-12-01,"00XEFDEZ19M086NEST",103.35,2022-06-07,2022-06-07,103.35,"Harmonized Index of Consumer Prices: Overall Index Excluding Energy, Food, Alcohol, and Tobacco for Euro area (19 countries)","2000-12-01","2022-04-01","Index 2015=100","NSA","2022-05-18","Monthly","%",0.927734374999978
"277",2019-01-01,"00XEFDEZ19M086NEST",101.8,2022-06-07,2022-06-07,101.8,"Harmonized Index of Consumer Prices: Overall Index Excluding Energy, Food, Alcohol, and Tobacco for Euro area (19 countries)","2000-12-01","2022-04-01","Index 2015=100","NSA","2022-05-18","Monthly","%",1.12247938809973
"278",2019-02-01,"00XEFDEZ19M086NEST",102.07,2022-06-07,2022-06-07,102.07,"Harmonized Index of Consumer Prices: Overall Index Excluding Energy, Food, Alcohol, and Tobacco for Euro area (19 countries)","2000-12-01","2022-04-01","Index 2015=100","NSA","2022-05-18","Monthly","%",0.989413277926188
"279",2019-03-01,"00XEFDEZ19M086NEST",103.42,2022-06-07,2022-06-07,103.42,"Harmonized Index of Consumer Prices: Overall Index Excluding Energy, Food, Alcohol, and Tobacco for Euro area (19 countries)","2000-12-01","2022-04-01","Index 2015=100","NSA","2022-05-18","Monthly","%",0.769755432134867
"280",2019-04-01,"00XEFDEZ19M086NEST",104.37,2022-06-07,2022-06-07,104.37,"Harmonized Index of Consumer Prices: Overall Index Excluding Energy, Food, Alcohol, and Tobacco for Euro area (19 countries)","2000-12-01","2022-04-01","Index 2015=100","NSA","2022-05-18","Monthly","%",1.29076086956521
"281",2019-05-01,"00XEFDEZ19M086NEST",104.32,2022-06-07,2022-06-07,104.32,"Harmonized Index of Consumer Prices: Overall Index Excluding Energy, Food, Alcohol, and Tobacco for Euro area (19 countries)","2000-12-01","2022-04-01","Index 2015=100","NSA","2022-05-18","Monthly","%",0.782533088590465
"282",2019-06-01,"00XEFDEZ19M086NEST",104.72,2022-06-07,2022-06-07,104.72,"Harmonized Index of Consumer Prices: Overall Index Excluding Energy, Food, Alcohol, and Tobacco for Euro area (19 countries)","2000-12-01","2022-04-01","Index 2015=100","NSA","2022-05-18","Monthly","%",1.1201235998455
"283",2019-07-01,"00XEFDEZ19M086NEST",104.08,2022-06-07,2022-06-07,104.08,"Harmonized Index of Consumer Prices: Overall Index Excluding Energy, Food, Alcohol, and Tobacco for Euro area (19 countries)","2000-12-01","2022-04-01","Index 2015=100","NSA","2022-05-18","Monthly","%",0.872262066291918
"284",2019-08-01,"00XEFDEZ19M086NEST",104.32,2022-06-07,2022-06-07,104.32,"Harmonized Index of Consumer Prices: Overall Index Excluding Energy, Food, Alcohol, and Tobacco for Euro area (19 countries)","2000-12-01","2022-04-01","Index 2015=100","NSA","2022-05-18","Monthly","%",0.948325914457127
"285",2019-09-01,"00XEFDEZ19M086NEST",104.71,2022-06-07,2022-06-07,104.71,"Harmonized Index of Consumer Prices: Overall Index Excluding Energy, Food, Alcohol, and Tobacco for Euro area (19 countries)","2000-12-01","2022-04-01","Index 2015=100","NSA","2022-05-18","Monthly","%",1.01292687632646
"286",2019-10-01,"00XEFDEZ19M086NEST",104.83,2022-06-07,2022-06-07,104.83,"Harmonized Index of Consumer Prices: Overall Index Excluding Energy, Food, Alcohol, and Tobacco for Euro area (19 countries)","2000-12-01","2022-04-01","Index 2015=100","NSA","2022-05-18","Monthly","%",1.07018897030466
"287",2019-11-01,"00XEFDEZ19M086NEST",104.27,2022-06-07,2022-06-07,104.27,"Harmonized Index of Consumer Prices: Overall Index Excluding Energy, Food, Alcohol, and Tobacco for Euro area (19 countries)","2000-12-01","2022-04-01","Index 2015=100","NSA","2022-05-18","Monthly","%",1.31169840652934
"288",2019-12-01,"00XEFDEZ19M086NEST",104.69,2022-06-07,2022-06-07,104.69,"Harmonized Index of Consumer Prices: Overall Index Excluding Energy, Food, Alcohol, and Tobacco for Euro area (19 countries)","2000-12-01","2022-04-01","Index 2015=100","NSA","2022-05-18","Monthly","%",1.29656507014997
"289",2020-01-01,"00XEFDEZ19M086NEST",102.91,2022-06-07,2022-06-07,102.91,"Harmonized Index of Consumer Prices: Overall Index Excluding Energy, Food, Alcohol, and Tobacco for Euro area (19 countries)","2000-12-01","2022-04-01","Index 2015=100","NSA","2022-05-18","Monthly","%",1.09037328094304
"290",2020-02-01,"00XEFDEZ19M086NEST",103.31,2022-06-07,2022-06-07,103.31,"Harmonized Index of Consumer Prices: Overall Index Excluding Energy, Food, Alcohol, and Tobacco for Euro area (19 countries)","2000-12-01","2022-04-01","Index 2015=100","NSA","2022-05-18","Monthly","%",1.21485255217009
"291",2020-03-01,"00XEFDEZ19M086NEST",104.49,2022-06-07,2022-06-07,104.49,"Harmonized Index of Consumer Prices: Overall Index Excluding Energy, Food, Alcohol, and Tobacco for Euro area (19 countries)","2000-12-01","2022-04-01","Index 2015=100","NSA","2022-05-18","Monthly","%",1.03461612840843
"292",2020-04-01,"00XEFDEZ19M086NEST",105.26,2022-06-07,2022-06-07,105.26,"Harmonized Index of Consumer Prices: Overall Index Excluding Energy, Food, Alcohol, and Tobacco for Euro area (19 countries)","2000-12-01","2022-04-01","Index 2015=100","NSA","2022-05-18","Monthly","%",0.852735460381338
"293",2020-05-01,"00XEFDEZ19M086NEST",105.26,2022-06-07,2022-06-07,105.26,"Harmonized Index of Consumer Prices: Overall Index Excluding Energy, Food, Alcohol, and Tobacco for Euro area (19 countries)","2000-12-01","2022-04-01","Index 2015=100","NSA","2022-05-18","Monthly","%",0.90107361963192
"294",2020-06-01,"00XEFDEZ19M086NEST",105.59,2022-06-07,2022-06-07,105.59,"Harmonized Index of Consumer Prices: Overall Index Excluding Energy, Food, Alcohol, and Tobacco for Euro area (19 countries)","2000-12-01","2022-04-01","Index 2015=100","NSA","2022-05-18","Monthly","%",0.83078686019864
"295",2020-07-01,"00XEFDEZ19M086NEST",105.31,2022-06-07,2022-06-07,105.31,"Harmonized Index of Consumer Prices: Overall Index Excluding Energy, Food, Alcohol, and Tobacco for Euro area (19 countries)","2000-12-01","2022-04-01","Index 2015=100","NSA","2022-05-18","Monthly","%",1.18178324365872
"296",2020-08-01,"00XEFDEZ19M086NEST",104.71,2022-06-07,2022-06-07,104.71,"Harmonized Index of Consumer Prices: Overall Index Excluding Energy, Food, Alcohol, and Tobacco for Euro area (19 countries)","2000-12-01","2022-04-01","Index 2015=100","NSA","2022-05-18","Monthly","%",0.373849693251538
"297",2020-09-01,"00XEFDEZ19M086NEST",104.93,2022-06-07,2022-06-07,104.93,"Harmonized Index of Consumer Prices: Overall Index Excluding Energy, Food, Alcohol, and Tobacco for Euro area (19 countries)","2000-12-01","2022-04-01","Index 2015=100","NSA","2022-05-18","Monthly","%",0.210104097029906
"298",2020-10-01,"00XEFDEZ19M086NEST",105.07,2022-06-07,2022-06-07,105.07,"Harmonized Index of Consumer Prices: Overall Index Excluding Energy, Food, Alcohol, and Tobacco for Euro area (19 countries)","2000-12-01","2022-04-01","Index 2015=100","NSA","2022-05-18","Monthly","%",0.228942096728035
"299",2020-11-01,"00XEFDEZ19M086NEST",104.53,2022-06-07,2022-06-07,104.53,"Harmonized Index of Consumer Prices: Overall Index Excluding Energy, Food, Alcohol, and Tobacco for Euro area (19 countries)","2000-12-01","2022-04-01","Index 2015=100","NSA","2022-05-18","Monthly","%",0.249352642178957
"300",2020-12-01,"00XEFDEZ19M086NEST",104.93,2022-06-07,2022-06-07,104.93,"Harmonized Index of Consumer Prices: Overall Index Excluding Energy, Food, Alcohol, and Tobacco for Euro area (19 countries)","2000-12-01","2022-04-01","Index 2015=100","NSA","2022-05-18","Monthly","%",0.229248256758052
"301",2021-01-01,"00XEFDEZ19M086NEST",104.36,2022-06-07,2022-06-07,104.36,"Harmonized Index of Consumer Prices: Overall Index Excluding Energy, Food, Alcohol, and Tobacco for Euro area (19 countries)","2000-12-01","2022-04-01","Index 2015=100","NSA","2022-05-18","Monthly","%",1.40899815372657
"302",2021-02-01,"00XEFDEZ19M086NEST",104.46,2022-06-07,2022-06-07,104.46,"Harmonized Index of Consumer Prices: Overall Index Excluding Energy, Food, Alcohol, and Tobacco for Euro area (19 countries)","2000-12-01","2022-04-01","Index 2015=100","NSA","2022-05-18","Monthly","%",1.113154583293
"303",2021-03-01,"00XEFDEZ19M086NEST",105.47,2022-06-07,2022-06-07,105.47,"Harmonized Index of Consumer Prices: Overall Index Excluding Energy, Food, Alcohol, and Tobacco for Euro area (19 countries)","2000-12-01","2022-04-01","Index 2015=100","NSA","2022-05-18","Monthly","%",0.937888793185948
"304",2021-04-01,"00XEFDEZ19M086NEST",106.04,2022-06-07,2022-06-07,106.04,"Harmonized Index of Consumer Prices: Overall Index Excluding Energy, Food, Alcohol, and Tobacco for Euro area (19 countries)","2000-12-01","2022-04-01","Index 2015=100","NSA","2022-05-18","Monthly","%",0.741022230666921
"305",2021-05-01,"00XEFDEZ19M086NEST",106.26,2022-06-07,2022-06-07,106.26,"Harmonized Index of Consumer Prices: Overall Index Excluding Energy, Food, Alcohol, and Tobacco for Euro area (19 countries)","2000-12-01","2022-04-01","Index 2015=100","NSA","2022-05-18","Monthly","%",0.950028500855016
"306",2021-06-01,"00XEFDEZ19M086NEST",106.53,2022-06-07,2022-06-07,106.53,"Harmonized Index of Consumer Prices: Overall Index Excluding Energy, Food, Alcohol, and Tobacco for Euro area (19 countries)","2000-12-01","2022-04-01","Index 2015=100","NSA","2022-05-18","Monthly","%",0.890235817785778
"307",2021-07-01,"00XEFDEZ19M086NEST",106.06,2022-06-07,2022-06-07,106.06,"Harmonized Index of Consumer Prices: Overall Index Excluding Energy, Food, Alcohol, and Tobacco for Euro area (19 countries)","2000-12-01","2022-04-01","Index 2015=100","NSA","2022-05-18","Monthly","%",0.712183078530049
"308",2021-08-01,"00XEFDEZ19M086NEST",106.35,2022-06-07,2022-06-07,106.35,"Harmonized Index of Consumer Prices: Overall Index Excluding Energy, Food, Alcohol, and Tobacco for Euro area (19 countries)","2000-12-01","2022-04-01","Index 2015=100","NSA","2022-05-18","Monthly","%",1.56623054149556
"309",2021-09-01,"00XEFDEZ19M086NEST",106.9,2022-06-07,2022-06-07,106.9,"Harmonized Index of Consumer Prices: Overall Index Excluding Energy, Food, Alcohol, and Tobacco for Euro area (19 countries)","2000-12-01","2022-04-01","Index 2015=100","NSA","2022-05-18","Monthly","%",1.87744210425997
"310",2021-10-01,"00XEFDEZ19M086NEST",107.22,2022-06-07,2022-06-07,107.22,"Harmonized Index of Consumer Prices: Overall Index Excluding Energy, Food, Alcohol, and Tobacco for Euro area (19 countries)","2000-12-01","2022-04-01","Index 2015=100","NSA","2022-05-18","Monthly","%",2.04625487770058
"311",2021-11-01,"00XEFDEZ19M086NEST",107.26,2022-06-07,2022-06-07,107.26,"Harmonized Index of Consumer Prices: Overall Index Excluding Energy, Food, Alcohol, and Tobacco for Euro area (19 countries)","2000-12-01","2022-04-01","Index 2015=100","NSA","2022-05-18","Monthly","%",2.61169042380178
"312",2021-12-01,"00XEFDEZ19M086NEST",107.68,2022-06-07,2022-06-07,107.68,"Harmonized Index of Consumer Prices: Overall Index Excluding Energy, Food, Alcohol, and Tobacco for Euro area (19 countries)","2000-12-01","2022-04-01","Index 2015=100","NSA","2022-05-18","Monthly","%",2.62079481559134
"313",2022-01-01,"00XEFDEZ19M086NEST",106.73,2022-06-07,2022-06-07,106.73,"Harmonized Index of Consumer Prices: Overall Index Excluding Energy, Food, Alcohol, and Tobacco for Euro area (19 countries)","2000-12-01","2022-04-01","Index 2015=100","NSA","2022-05-18","Monthly","%",2.27098505174397
"314",2022-02-01,"00XEFDEZ19M086NEST",107.3,2022-06-07,2022-06-07,107.3,"Harmonized Index of Consumer Prices: Overall Index Excluding Energy, Food, Alcohol, and Tobacco for Euro area (19 countries)","2000-12-01","2022-04-01","Index 2015=100","NSA","2022-05-18","Monthly","%",2.71874401684855
"315",2022-03-01,"00XEFDEZ19M086NEST",108.59,2022-06-07,2022-06-07,108.59,"Harmonized Index of Consumer Prices: Overall Index Excluding Energy, Food, Alcohol, and Tobacco for Euro area (19 countries)","2000-12-01","2022-04-01","Index 2015=100","NSA","2022-05-18","Monthly","%",2.95818716222622
"316",2022-04-01,"00XEFDEZ19M086NEST",109.73,2022-06-07,2022-06-07,109.73,"Harmonized Index of Consumer Prices: Overall Index Excluding Energy, Food, Alcohol, and Tobacco for Euro area (19 countries)","2000-12-01","2022-04-01","Index 2015=100","NSA","2022-05-18","Monthly","%",3.47981893625047
